sentence_id,words,labels
1,I'm,O
1,looking,O
1,to,O
1,set,O
1,up,O
1,a,O
1,server,O
1,named,O
1,Analytics01,B-SERVER
1,in,O
1,the,O
1,Milad,B-DATACENTER
1,data,I-DATACENTER
1,center,I-DATACENTER
1,.,O
1,The,O
1,server,O
1,should,O
1,have,O
1,a,O
1,Medium,B-PLAN
1,plan,I-PLAN
1,with,O
1,at,O
1,least,O
1,6,B-CPU
1,CPU,I-CPU
1,cores,I-CPU
1,and,O
1,16GB,B-RAM
1,of,I-RAM
1,RAM,I-RAM
1,.,O
1,For,O
1,storage,O
1,a,O
1,40GB,B-DISK
1,SSD,I-DISK
1,will,O
1,suffice,O
1,plus,O
1,an,O
1,extra,O
1,disk,O
1,StoragePlus40,B-EXTRA_DISK
1,for,O
1,additional,O
1,space,O
1,with,O
1,30GB,B-EXTRA_DISK_SIZE
1,size,O
1,.,O
1,The,O
1,preferred,O
1,operating,O
1,system,O
1,is,O
1,Ubuntu,B-OS
1,20.04,I-OS
1,.,O
1,The,O
1,network,O
1,address,O
1,should,O
1,be,O
1,private,B-NETWORK
1,using,O
1,IPV4,B-PROTOCOL
1,protocol,I-PROTOCOL
1,.,O
1,Security,O
1,is,O
1,crucial,O
1,so,O
1,please,O
1,include,O
1,SecureGate,B-FIREWALL
1,firewall,O
1,and,O
1,add,O
1,SSH,B-SSH
1,Key-A1,I-SSH
1,.,O
1,Backup,O
1,should,O
1,be,O
1,scheduled,O
1,weekly,B-BACKUP
1,.,O
2,Please,O
2,configure,O
2,a,O
2,Large,B-PLAN
2,plan,I-PLAN
2,server,O
2,titled,O
2,MediaServer,B-SERVER
2,in,O
2,the,O
2,Atlas,B-DATACENTER
2,data,I-DATACENTER
2,center,I-DATACENTER
2,.,O
2,It,O
2,needs,O
2,to,O
2,be,O
2,robust,O
2,with,O
2,8,B-CPU
2,CPU,I-CPU
2,cores,I-CPU
2,and,O
2,32GB,B-RAM
2,RAM,I-RAM
2,.,O
2,A,O
2,primary,O
2,60GB,B-DISK
2,SSD,I-DISK
2,disk,O
2,and,O
2,an,O
2,ExtraStorage60,B-EXTRA_DISK
2,disk,O
2,are,O
2,required,O
2,consider,O
2,that,O
2,the,O
2,extra,O
2,disk,O
2,size,O
2,should,O
2,be,O
2,20GB,B-EXTRA_DISK_SIZE
2,.,O
2,For,O
2,the,O
2,operating,O
2,system,O
2,Windows,B-OS
2,Server,I-OS
2,2019,I-OS
2,is,O
2,preferred,O
2,.,O
2,Ensure,O
2,the,O
2,network,O
2,address,O
2,is,O
2,public,B-NETWORK
2,with,O
2,an,O
2,IPV6,B-PROTOCOL
2,protocol,I-PROTOCOL
2,.,O
2,Include,O
2,SSH,B-SSH
2,Key-Media,I-SSH
2,for,O
2,access,O
2,and,O
2,Firewall-ProMedia,B-FIREWALL
2,for,O
2,security,O
2,.,O
2,Backups,O
2,should,O
2,be,O
2,done,O
2,daily,B-BACKUP
2,.,O
3,Set,O
3,up,O
3,a,O
3,Small,B-PLAN
3,plan,I-PLAN
3,server,O
3,DevTracker,B-SERVER
3,in,O
3,the,O
3,Orion,B-DATACENTER
3,data,I-DATACENTER
3,center,I-DATACENTER
3,.,O
3,It,O
3,should,O
3,have,O
3,2,B-CPU
3,CPU,I-CPU
3,cores,I-CPU
3,4GB,B-RAM
3,RAM,I-RAM
3,and,O
3,a,O
3,25GB,B-DISK
3,SSD,I-DISK
3,.,O
3,Attach,O
3,a,O
3,10GB,B-EXTRA_DISK_SIZE
3,ExtraDisk25,B-EXTRA_DISK
3,extra,O
3,disk,O
3,for,O
3,more,O
3,storage,O
3,.,O
3,The,O
3,system,O
3,should,O
3,run,O
3,Debian,B-OS
3,11,I-OS
3,.,O
3,A,O
3,private,B-NETWORK
3,network,O
3,address,O
3,using,O
3,IPV4,B-PROTOCOL
3,is,O
3,necessary,O
3,along,O
3,with,O
3,SSH,B-SSH
3,Key-DevTrack,I-SSH
3,for,O
3,access,O
3,.,O
3,Implement,O
3,Firewall-DevSec,B-FIREWALL
3,for,O
3,protection,O
3,.,O
3,Opt,O
3,for,O
3,monthly,B-BACKUP
3,backups,O
3,.,O
4,We,O
4,require,O
4,a,O
4,server,O
4,named,O
4,DataAnalytica,B-SERVER
4,with,O
4,a,O
4,Medium,B-PLAN
4,plan,I-PLAN
4,in,O
4,the,O
4,Novin,B-DATACENTER
4,data,I-DATACENTER
4,center,I-DATACENTER
4,.,O
4,It,O
4,should,O
4,feature,O
4,4,B-CPU
4,CPU,I-CPU
4,cores,I-CPU
4,8GB,B-RAM
4,RAM,I-RAM
4,and,O
4,a,O
4,primary,O
4,disk,O
4,of,O
4,30GB,B-DISK
4,.,O
4,Add,O
4,a,O
4,50GB,B-EXTRA_DISK_SIZE
4,extra,O
4,disk,O
4,which,O
4,named,O
4,ExtraData30,B-EXTRA_DISK
4,for,O
4,backup,O
4,storage,O
4,.,O
4,The,O
4,operating,O
4,system,O
4,should,O
4,be,O
4,Ubuntu,B-OS
4,18.04,I-OS
4,.,O
4,The,O
4,server's,O
4,network,O
4,address,O
4,needs,O
4,to,O
4,be,O
4,public,B-NETWORK
4,utilizing,O
4,IPV6,B-PROTOCOL
4,.,O
4,Integrate,O
4,SSH,B-SSH
4,Key-Analytic02,I-SSH
4,and,O
4,secure,O
4,it,O
4,with,O
4,Firewall-Analytics,B-FIREWALL
4,.,O
4,Arrange,O
4,for,O
4,weekly,B-BACKUP
4,backups,O
4,.,O
5,Deploy,O
5,a,O
5,server,O
5,titled,O
5,WebProd01,B-SERVER
5,under,O
5,a,O
5,Large,B-PLAN
5,plan,I-PLAN
5,in,O
5,the,O
5,Aurora,B-DATACENTER
5,data,I-DATACENTER
5,center,I-DATACENTER
5,.,O
5,It,O
5,should,O
5,have,O
5,a,O
5,minimum,O
5,of,O
5,8,B-CPU
5,CPU,I-CPU
5,cores,I-CPU
5,and,O
5,16GB,B-RAM
5,RAM,I-RAM
5,.,O
5,The,O
5,main,O
5,disk,O
5,requirement,O
5,is,O
5,100GB,B-DISK
5,SSD,I-DISK
5,and,O
5,a,O
5,25GB,B-EXTRA_DISK_SIZE
5,Backup100,B-EXTRA_DISK
5,extra,O
5,disk,O
5,named,O
5,should,O
5,be,O
5,added,O
5,.,O
5,Install,O
5,Windows,B-OS
5,Server,I-OS
5,2016,I-OS
5,as,O
5,the,O
5,operating,O
5,system,O
5,.,O
5,The,O
5,server,O
5,should,O
5,have,O
5,a,O
5,public,B-NETWORK
5,network,O
5,address,O
5,with,O
5,IPV4,B-PROTOCOL
5,protocol,I-PROTOCOL
5,.,O
5,Attach,O
5,SSH,B-SSH
5,Key-WebSecure,I-SSH
5,for,O
5,access,O
5,and,O
5,Firewall-WebGate,B-FIREWALL
5,for,O
5,protection,O
5,.,O
5,Opt,O
5,for,O
5,daily,B-BACKUP
5,backups,O
5,.,O
6,I,O
6,need,O
6,a,O
6,Medium,B-PLAN
6,plan,I-PLAN
6,server,O
6,named,O
6,AppServer22,B-SERVER
6,in,O
6,the,O
6,Pegasus,B-DATACENTER
6,data,I-DATACENTER
6,center,I-DATACENTER
6,.,O
6,It,O
6,should,O
6,be,O
6,equipped,O
6,with,O
6,4,B-CPU
6,CPU,I-CPU
6,cores,I-CPU
6,and,O
6,8GB,B-RAM
6,RAM,I-RAM
6,.,O
6,The,O
6,primary,O
6,disk,O
6,should,O
6,be,O
6,50GB,B-DISK
6,SSD,I-DISK
6,complemented,O
6,by,O
6,an,O
6,additional,O
6,35GB,B-EXTRA_DISK_SIZE
6,ExtraApp50,B-EXTRA_DISK
6,disk,O
6,.,O
6,The,O
6,operating,O
6,system,O
6,must,O
6,be,O
6,CentOS,B-OS
6,8,I-OS
6,.,O
6,A,O
6,private,B-NETWORK
6,network,O
6,address,O
6,with,O
6,IPV6,B-PROTOCOL
6,protocol,I-PROTOCOL
6,is,O
6,required,O
6,.,O
6,Include,O
6,SSH,B-SSH
6,Key-AppMaster,I-SSH
6,for,O
6,security,O
6,along,O
6,with,O
6,Firewall-AppShield,B-FIREWALL
6,.,O
6,Set,O
6,the,O
6,backup,O
6,schedule,O
6,to,O
6,be,O
6,monthly,B-BACKUP
6,.,O
7,Configure,O
7,a,O
7,Small,B-PLAN
7,plan,I-PLAN
7,server,O
7,LogCollector,B-SERVER
7,in,O
7,the,O
7,Gemini,B-DATACENTER
7,data,I-DATACENTER
7,center,I-DATACENTER
7,.,O
7,This,O
7,server,O
7,should,O
7,have,O
7,2,B-CPU
7,CPU,I-CPU
7,cores,I-CPU
7,and,O
7,4GB,B-RAM
7,RAM,I-RAM
7,with,O
7,a,O
7,20GB,B-DISK
7,SSD,I-DISK
7,for,O
7,storage,O
7,.,O
7,Additionally,O
7,attach,O
7,a,O
7,150GB,B-EXTRA_DISK_SIZE
7,extra,O
7,disk,O
7,and,O
7,the,O
7,name,O
7,of,O
7,it,O
7,should,O
7,be,O
7,LogExtra20,B-EXTRA_DISK
7,.,O
7,The,O
7,operating,O
7,system,O
7,should,O
7,be,O
7,Ubuntu,B-OS
7,20.04,I-OS
7,and,O
7,a,O
7,public,B-NETWORK
7,IPV4,B-PROTOCOL
7,network,O
7,address,O
7,is,O
7,needed,O
7,.,O
7,Secure,O
7,the,O
7,server,O
7,with,O
7,SSH,B-SSH
7,Key-LogAccess,I-SSH
7,and,O
7,Firewall-LogGuard,B-FIREWALL
7,.,O
7,Weekly,B-BACKUP
7,backups,O
7,are,O
7,preferred,O
7,.,O
8,Set,O
8,up,O
8,a,O
8,server,O
8,named,O
8,DataHub03,B-SERVER
8,with,O
8,a,O
8,Large,B-PLAN
8,plan,I-PLAN
8,in,O
8,the,O
8,Centauri,B-DATACENTER
8,data,I-DATACENTER
8,center,I-DATACENTER
8,.,O
8,It,O
8,needs,O
8,to,O
8,have,O
8,at,O
8,least,O
8,8,B-CPU
8,CPU,I-CPU
8,cores,I-CPU
8,32GB,B-RAM
8,RAM,I-RAM
8,and,O
8,a,O
8,120GB,B-DISK
8,SSD,I-DISK
8,disk,O
8,along,O
8,with,O
8,an,O
8,100GB,B-EXTRA_DISK_SIZE
8,ExtraData120,B-EXTRA_DISK
8,disk,O
8,.,O
8,The,O
8,server,O
8,should,O
8,run,O
8,on,O
8,Debian,B-OS
8,10,I-OS
8,.,O
8,Ensure,O
8,it,O
8,has,O
8,a,O
8,private,B-NETWORK
8,network,O
8,address,O
8,using,O
8,the,O
8,IPV6,B-PROTOCOL
8,protocol,I-PROTOCOL
8,.,O
8,Attach,O
8,SSH,B-SSH
8,Key-HubSecure,I-SSH
8,for,O
8,access,O
8,and,O
8,equip,O
8,it,O
8,with,O
8,Firewall-DataDefender,B-FIREWALL
8,.,O
8,The,O
8,backup,O
8,schedule,O
8,should,O
8,be,O
8,daily,B-BACKUP
8,.,O
9,Order,O
9,a,O
9,server,O
9,FileStore01,B-SERVER
9,in,O
9,the,O
9,Novin,B-DATACENTER
9,data,I-DATACENTER
9,center,I-DATACENTER
9,with,O
9,a,O
9,Small,B-PLAN
9,plan,I-PLAN
9,.,O
9,It,O
9,should,O
9,have,O
9,2,B-CPU
9,CPU,I-CPU
9,cores,I-CPU
9,4GB,B-RAM
9,RAM,I-RAM
9,and,O
9,a,O
9,30GB,B-DISK
9,SSD,I-DISK
9,disk,O
9,.,O
9,Add,O
9,an,O
9,extra,O
9,disk,O
9,StoreExtra30,B-EXTRA_DISK
9,with,O
9,size,O
9,of,O
9,60GB,B-EXTRA_DISK_SIZE
9,.,O
9,Install,O
9,CentOS,B-OS
9,7,I-OS
9,as,O
9,the,O
9,operating,O
9,system,O
9,ensure,O
9,a,O
9,private,B-NETWORK
9,IPV4,B-PROTOCOL
9,network,O
9,address,O
9,include,O
9,SSH,B-SSH
9,Key-StoreSecure,I-SSH
9,and,O
9,Firewall-SafeStore,B-FIREWALL
9,.,O
9,Backup,O
9,should,O
9,be,O
9,set,O
9,to,O
9,weekly,B-BACKUP
9,.,O
10,Create,O
10,a,O
10,Large,B-PLAN
10,server,O
10,DevEnv02,B-SERVER
10,in,O
10,the,O
10,Altair,B-DATACENTER
10,data,I-DATACENTER
10,center,I-DATACENTER
10,.,O
10,Require,O
10,8,B-CPU
10,CPU,I-CPU
10,cores,I-CPU
10,32GB,B-RAM
10,RAM,I-RAM
10,and,O
10,a,O
10,150GB,B-DISK
10,SSD,I-DISK
10,.,O
10,Attach,O
10,an,O
10,ExtraDev150,B-EXTRA_DISK
10,disk,O
10,that,O
10,has,O
10,70GB,B-EXTRA_DISK_SIZE
10,size,O
10,.,O
10,Operating,O
10,system,O
10,preference,O
10,is,O
10,Ubuntu,B-OS
10,18.04,I-OS
10,with,O
10,a,O
10,public,B-NETWORK
10,IPV6,B-PROTOCOL
10,network,O
10,address,O
10,.,O
10,Use,O
10,SSH,B-SSH
10,Key-DevAccess,I-SSH
10,and,O
10,Firewall-DevProtect,B-FIREWALL
10,.,O
10,Daily,B-BACKUP
10,backups,O
10,are,O
10,needed,O
10,.,O
11,Need,O
11,a,O
11,Medium,B-PLAN
11,server,O
11,CacheNode,B-SERVER
11,in,O
11,the,O
11,Vega,B-DATACENTER
11,data,I-DATACENTER
11,center,I-DATACENTER
11,.,O
11,Specifications,O
11,4,B-CPU
11,CPU,I-CPU
11,cores,I-CPU
11,8GB,B-RAM
11,RAM,I-RAM
11,40GB,B-DISK
11,SSD,I-DISK
11,and,O
11,an,O
11,ExtraCache40,B-EXTRA_DISK
11,disk,O
11,with,O
11,the,O
11,size,O
11,of,O
11,30GB,B-EXTRA_DISK_SIZE
11,.,O
11,Use,O
11,Debian,B-OS
11,9,I-OS
11,a,O
11,private,B-NETWORK
11,IPV4,B-PROTOCOL
11,network,O
11,address,O
11,SSH,B-SSH
11,Key-CacheKey,I-SSH
11,and,O
11,Firewall-CacheWall,B-FIREWALL
11,.,O
11,Opt,O
11,for,O
11,monthly,B-BACKUP
11,backups,O
11,.,O
12,Set,O
12,up,O
12,Analytics02,B-SERVER
12,in,O
12,the,O
12,Sirius,B-DATACENTER
12,data,I-DATACENTER
12,center,I-DATACENTER
12,under,O
12,a,O
12,Small,B-PLAN
12,plan,I-PLAN
12,.,O
12,Include,O
12,2,B-CPU
12,CPU,I-CPU
12,cores,I-CPU
12,4GB,B-RAM
12,RAM,I-RAM
12,and,O
12,a,O
12,25GB,B-DISK
12,SSD,I-DISK
12,.,O
12,Add,O
12,a,O
12,25GB,B-EXTRA_DISK_SIZE
12,ExtraAnalytic25,B-EXTRA_DISK
12,.,O
12,OS,O
12,should,O
12,be,O
12,Windows,B-OS
12,Server,I-OS
12,2019,I-OS
12,with,O
12,a,O
12,public,B-NETWORK
12,IPV4,B-PROTOCOL
12,address,O
12,SSH,B-SSH
12,Key-AnalyticSecure,I-SSH
12,and,O
12,Firewall-DataAnalytic,B-FIREWALL
12,.,O
12,Schedule,O
12,weekly,B-BACKUP
12,backups,O
12,.,O
13,Deploy,O
13,a,O
13,server,O
13,StreamLine,B-SERVER
13,with,O
13,a,O
13,Large,B-PLAN
13,plan,I-PLAN
13,in,O
13,the,O
13,Novin,B-DATACENTER
13,data,I-DATACENTER
13,center,I-DATACENTER
13,.,O
13,Specifications,O
13,10,B-CPU
13,CPU,I-CPU
13,cores,I-CPU
13,64GB,B-RAM
13,RAM,I-RAM
13,200GB,B-DISK
13,SSD,I-DISK
13,plus,O
13,a,O
13,70GB,B-EXTRA_DISK_SIZE
13,extra,O
13,disk,O
13,which,O
13,named,O
13,ExtraStream200,B-EXTRA_DISK
13,.,O
13,Use,O
13,Windows,B-OS
13,Server,I-OS
13,2016,I-OS
13,a,O
13,private,B-NETWORK
13,IPV6,B-PROTOCOL
13,network,O
13,SSH,B-SSH
13,Key-StreamKey,I-SSH
13,and,O
13,Firewall-StreamGuard,B-FIREWALL
13,.,O
13,Daily,B-BACKUP
13,backups,O
13,required,O
13,.,O
14,Request,O
14,a,O
14,Medium,B-PLAN
14,server,O
14,QueryMaster,B-SERVER
14,in,O
14,the,O
14,Polaris,B-DATACENTER
14,data,I-DATACENTER
14,center,I-DATACENTER
14,.,O
14,Include,O
14,6,B-CPU
14,CPU,I-CPU
14,cores,I-CPU
14,12GB,B-RAM
14,RAM,I-RAM
14,60GB,B-DISK
14,SSD,I-DISK
14,and,O
14,an,O
14,ExtraQuery60,B-EXTRA_DISK
14,with,O
14,90GB,B-EXTRA_DISK_SIZE
14,size,O
14,.,O
14,Operating,O
14,system,O
14,CentOS,B-OS
14,8,I-OS
14,network,O
14,public,B-NETWORK
14,IPV4,B-PROTOCOL
14,security,O
14,SSH,B-SSH
14,Key-QueryAccess,I-SSH
14,Firewall-QueryShield,B-FIREWALL
14,.,O
14,Monthly,B-BACKUP
14,backups,O
14,.,O
15,Set,O
15,up,O
15,a,O
15,Small,B-PLAN
15,TestLab,B-SERVER
15,server,O
15,in,O
15,the,O
15,Lyra,B-DATACENTER
15,data,I-DATACENTER
15,center,I-DATACENTER
15,.,O
15,Specs,O
15,2,B-CPU
15,CPU,I-CPU
15,cores,I-CPU
15,4GB,B-RAM
15,RAM,I-RAM
15,20GB,B-DISK
15,SSD,I-DISK
15,and,O
15,ExtraTest20,B-EXTRA_DISK
15,.,O
15,OS,O
15,Ubuntu,B-OS
15,20.04,I-OS
15,network,O
15,private,B-NETWORK
15,IPV6,B-PROTOCOL
15,access,O
15,SSH,B-SSH
15,Key-LabTest,I-SSH
15,security,O
15,Firewall-LabGate,B-FIREWALL
15,.,O
15,Weekly,B-BACKUP
15,backups,O
15,.,O
16,Need,O
16,a,O
16,Large,B-PLAN
16,CompileStation,B-SERVER
16,server,O
16,in,O
16,the,O
16,Rigel,B-DATACENTER
16,data,I-DATACENTER
16,center,I-DATACENTER
16,.,O
16,Must,O
16,have,O
16,8,B-CPU
16,CPU,I-CPU
16,cores,I-CPU
16,32GB,B-RAM
16,RAM,I-RAM
16,120GB,B-DISK
16,SSD,I-DISK
16,and,O
16,ExtraCompile120,B-EXTRA_DISK
16,.,O
16,OS,O
16,Debian,B-OS
16,10,I-OS
16,network,O
16,public,B-NETWORK
16,IPV4,B-PROTOCOL
16,SSH,B-SSH
16,Key-CompileSecure,I-SSH
16,Firewall-CompileSafe,B-FIREWALL
16,.,O
16,Daily,B-BACKUP
16,backups,O
16,.,O
17,Configure,O
17,a,O
17,Medium,B-PLAN
17,DataSync,B-SERVER
17,server,O
17,in,O
17,the,O
17,Canopus,B-DATACENTER
17,data,I-DATACENTER
17,center,I-DATACENTER
17,.,O
17,Include,O
17,4,B-CPU
17,CPU,I-CPU
17,cores,I-CPU
17,8GB,B-RAM
17,RAM,I-RAM
17,50GB,B-DISK
17,SSD,I-DISK
17,and,O
17,50GB,B-EXTRA_DISK_SIZE
17,extra,O
17,disk,O
17,which,O
17,named,O
17,ExtraSync50,B-EXTRA_DISK
17,.,O
17,Prefer,O
17,Windows,B-OS
17,Server,I-OS
17,2019,I-OS
17,private,B-NETWORK
17,IPV6,B-PROTOCOL
17,address,O
17,SSH,B-SSH
17,Key-SyncMaster,I-SSH
17,and,O
17,Firewall-SyncShield,B-FIAREWALL
17,.,O
17,Monthly,B-BACKUP
17,backups,O
17,.,O
18,Deploy,O
18,a,O
18,RenderFarm01,B-SERVER
18,server,O
18,with,O
18,a,O
18,Large,B-PLAN
18,plan,I-PLAN
18,in,O
18,the,O
18,Antares,B-DATACENTER
18,data,I-DATACENTER
18,center,I-DATACENTER
18,.,O
18,It,O
18,should,O
18,have,O
18,12,B-CPU
18,CPU,I-CPU
18,cores,I-CPU
18,64GB,B-RAM
18,RAM,I-RAM
18,a,O
18,250GB,B-DISK
18,SSD,I-DISK
18,and,O
18,an,O
18,extra,O
18,disk,O
18,RenderExtra250,B-EXTRA_DISK
18,.,O
18,Install,O
18,CentOS,B-OS
18,7,I-OS
18,ensure,O
18,a,O
18,public,B-NETWORK
18,IPV4,B-PROTOCOL
18,address,O
18,add,O
18,SSH,B-SSH
18,Key-RenderKey,I-SSH
18,and,O
18,Firewall-RenderWall,B-FIREWALL
18,.,O
18,Opt,O
18,for,O
18,daily,B-BACKUP
18,backups,O
18,.,O
19,Order,O
19,a,O
19,Small,B-PLAN
19,WebDev,B-SERVER
19,server,O
19,in,O
19,the,O
19,Deneb,B-DATACENTER
19,data,I-DATACENTER
19,center,I-DATACENTER
19,.,O
19,Required,O
19,2,B-CPU
19,CPU,I-CPU
19,cores,I-CPU
19,4GB,B-RAM
19,RAM,I-RAM
19,30GB,B-DISK
19,SSD,I-DISK
19,and,O
19,10GB,B-EXTRA_DISK_SIZE
19,extra,O
19,disk,O
19,.,O
19,OS,O
19,Ubuntu,B-OS
19,18.04,I-OS
19,network,O
19,private,B-NETWORK
19,IPV4,B-PROTOCOL
19,security,O
19,SSH,B-SSH
19,Key-WebDevAccess,I-SSH
19,Firewall-WebSafe,B-FIREWALL
19,.,O
19,Weekly,B-BACKUP
19,backups,O
19,.,O
20,Create,O
20,a,O
20,DataArchiver,B-SERVER
20,server,O
20,in,O
20,the,O
20,Spica,B-DATACENTER
20,data,I-DATACENTER
20,center,I-DATACENTER
20,under,O
20,a,O
20,Medium,B-PLAN
20,plan,I-PLAN
20,.,O
20,Specs,O
20,6,B-CPU
20,CPU,I-CPU
20,cores,I-CPU
20,16GB,B-RAM
20,RAM,I-RAM
20,80GB,B-DISK
20,SSD,I-DISK
20,and,O
20,ExtraArchive80,B-EXTRA_DISK
20,.,O
20,OS,O
20,Windows,B-OS
20,Server,I-OS
20,2016,I-OS
20,network,O
20,public,B-NETWORK
20,IPV6,B-PROTOCOL
20,SSH,B-SSH
20,Key-ArchiveKey,I-SSH
20,and,O
20,Firewall-ArchiveGuard,B-FIREWALL
20,.,O
20,Monthly,B-BACKUP
20,backups,O
20,.,O
21,Set,O
21,up,O
21,a,O
21,Large,B-PLAN
21,VideoProc,B-SERVER
21,server,O
21,in,O
21,the,O
21,Capella,B-DATACENTER
21,data,I-DATACENTER
21,center,I-DATACENTER
21,.,O
21,Include,O
21,10,B-CPU
21,CPU,I-CPU
21,cores,I-CPU
21,64GB,B-RAM
21,RAM,I-RAM
21,200GB,B-DISK
21,SSD,I-DISK
21,and,O
21,ExtraVideo200,B-EXTRA_DISK
21,.,O
21,Preferred,O
21,OS,O
21,Debian,B-OS
21,11,I-OS
21,network,O
21,private,B-NETWORK
21,IPV4,B-PROTOCOL
21,SSH,B-SSH
21,Key-VideoSecure,I-SSH
21,and,O
21,Firewall-VideoShield,B-FIREWALL
21,.,O
21,Daily,B-BACKUP
21,backups,O
21,.,O
22,Need,O
22,a,O
22,Small,B-PLAN
22,MailServer,B-SERVER
22,in,O
22,the,O
22,Bellatrix,B-DATACENTER
22,data,I-DATACENTER
22,center,I-DATACENTER
22,.,O
22,Specifications,O
22,2,B-CPU
22,CPU,I-CPU
22,cores,I-CPU
22,4GB,B-RAM
22,RAM,I-RAM
22,25GB,B-DISK
22,SSD,I-DISK
22,and,O
22,a,O
22,40GB,B-EXTRA_DISK_SIZE
22,extra,O
22,disk,O
22,.,O
22,Install,O
22,CentOS,B-OS
22,8,I-OS
22,use,O
22,a,O
22,public,B-NETWORK
22,IPV6,B-PROTOCOL
22,network,O
22,address,O
22,include,O
22,SSH,B-SSH
22,Key-MailAccess,I-SSH
22,and,O
22,Firewall-MailGate,B-FIREWALL
22,.,O
22,Weekly,B-BACKUP
22,backups,O
22,.,O
23,Deploy,O
23,a,O
23,CodeBuild01,B-SERVER
23,server,O
23,with,O
23,a,O
23,Medium,B-PLAN
23,plan,I-PLAN
23,in,O
23,the,O
23,Procyon,B-DATACENTER
23,data,I-DATACENTER
23,center,I-DATACENTER
23,.,O
23,It,O
23,should,O
23,have,O
23,4,B-CPU
23,CPU,I-CPU
23,cores,I-CPU
23,8GB,B-RAM
23,RAM,I-RAM
23,a,O
23,40GB,B-DISK
23,SSD,I-DISK
23,and,O
23,an,O
23,extra,O
23,disk,O
23,with,O
23,90GB,B-EXTRA_DISK_SIZE
23,size,O
23,.,O
23,Operating,O
23,system,O
23,Ubuntu,B-OS
23,20.04,I-OS
23,network,O
23,private,B-NETWORK
23,IPV4,B-PROTOCOL
23,SSH,B-SSH
23,Key-CodeMaster,I-SSH
23,and,O
23,Firewall-CodeSafe,B-FIREWALL
23,.,O
23,Opt,O
23,for,O
23,monthly,B-BACKUP
23,backups,O
23,.,O
24,Order,O
24,a,O
24,Large,B-PLAN
24,VRDesign,B-SERVER
24,server,O
24,in,O
24,the,O
24,Arcturus,B-DATACENTER
24,data,I-DATACENTER
24,center,I-DATACENTER
24,.,O
24,Required,O
24,12,B-CPU
24,CPU,I-CPU
24,cores,I-CPU
24,64GB,B-RAM
24,RAM,I-RAM
24,250GB,B-DISK
24,SSD,I-DISK
24,and,O
24,an,O
24,100GB,B-EXTRA_DISK_SIZE
24,aditional,O
24,disk,O
24,.,O
24,OS,O
24,Windows,B-OS
24,Server,I-OS
24,2019,I-OS
24,network,O
24,public,B-NETWORK
24,IPV6,B-PROTOCOL
24,SSH,B-SSH
24,Key-VRSecure,I-SSH
24,Firewall-VRGuard,B-FIREWALL
24,.,O
24,Daily,B-BACKUP
24,backups,O
24,.,O
25,Set,O
25,up,O
25,a,O
25,BatchCompute,B-SERVER
25,server,O
25,in,O
25,the,O
25,Fomalhaut,B-DATACENTER
25,data,I-DATACENTER
25,center,I-DATACENTER
25,under,O
25,a,O
25,Medium,B-PLAN
25,plan,I-PLAN
25,.,O
25,Include,O
25,6,B-CPU
25,CPU,I-CPU
25,cores,I-CPU
25,12GB,B-RAM
25,RAM,I-RAM
25,60GB,B-DISK
25,SSD,I-DISK
25,and,O
25,ExtraBatch60,B-EXTRA_DISK
25,.,O
25,OS,O
25,Debian,B-OS
25,9,I-OS
25,network,O
25,private,B-NETWORK
25,IPV4,B-PROTOCOL
25,SSH,B-SSH
25,Key-ComputeAccess,I-SSH
25,Firewall-ComputeShield,B-FIREWALL
25,.,O
25,Monthly,B-BACKUP
25,backups,O
25,.,O
26,Create,O
26,a,O
26,Small,B-PLAN
26,IoTGateway,B-SERVER
26,server,O
26,in,O
26,the,O
26,Achernar,B-DATACENTER
26,data,I-DATACENTER
26,center,I-DATACENTER
26,.,O
26,Specs,O
26,2,B-CPU
26,CPU,I-CPU
26,cores,I-CPU
26,4GB,B-RAM
26,RAM,I-RAM
26,20GB,B-DISK
26,SSD,I-DISK
26,and,O
26,ExtraIoT20,B-EXTRA_DISK
26,.,O
26,Operating,O
26,system,O
26,CentOS,B-OS
26,7,I-OS
26,network,O
26,public,B-NETWORK
26,IPV4,B-PROTOCOL
26,SSH,B-SSH
26,Key-IoTSecure,I-SSH
26,Firewall-IoTGate,B-FIREWALL
26,.,O
26,Weekly,B-BACKUP
26,backups,O
26,.,O
27,Configure,O
27,a,O
27,NetworkMonitor,B-SERVER
27,server,O
27,with,O
27,a,O
27,Large,B-PLAN
27,plan,I-PLAN
27,in,O
27,the,O
27,Aldebaran,B-DATACENTER
27,data,I-DATACENTER
27,center,I-DATACENTER
27,.,O
27,It,O
27,should,O
27,have,O
27,10,B-CPU
27,CPU,I-CPU
27,cores,I-CPU
27,32GB,B-RAM
27,RAM,I-RAM
27,a,O
27,150GB,B-DISK
27,SSD,I-DISK
27,and,O
27,ExtraNet150,B-EXTRA_DISK
27,.,O
27,OS,O
27,Ubuntu,B-OS
27,18.04,I-OS
27,network,O
27,private,B-NETWORK
27,IPV6,B-PROTOCOL
27,SSH,B-SSH
27,Key-NetMaster,I-SSH
27,and,O
27,Firewall-NetSafe,B-FIREWALL
27,.,O
27,Daily,B-BACKUP
27,backups,O
27,.,O
28,Need,O
28,a,O
28,Medium,B-PLAN
28,AppTesting,B-SERVER
28,server,O
28,in,O
28,the,O
28,Castor,B-DATACENTER
28,data,I-DATACENTER
28,center,I-DATACENTER
28,.,O
28,Specifications,O
28,4,B-CPU
28,CPU,I-CPU
28,cores,I-CPU
28,8GB,B-RAM
28,RAM,I-RAM
28,50GB,B-DISK
28,SSD,I-DISK
28,and,O
28,an,O
28,ExtraTest50,B-EXTRA_DISK
28,.,O
28,Preferred,O
28,OS,O
28,Windows,B-OS
28,Server,I-OS
28,2016,I-OS
28,network,O
28,public,B-NETWORK
28,IPV4,B-PROTOCOL
28,SSH,B-SSH
28,Key-AppTestKey,I-SSH
28,and,O
28,Firewall-AppTestWall,B-FIREWALL
28,.,O
28,Monthly,B-BACKUP
28,backups,O
28,.,O
29,Request,O
29,a,O
29,GraphicRender,B-SERVER
29,server,O
29,in,O
29,the,O
29,Electra,B-DATACENTER
29,data,I-DATACENTER
29,center,I-DATACENTER
29,under,O
29,a,O
29,Large,B-PLAN
29,plan,I-PLAN
29,.,O
29,It,O
29,needs,O
29,12,B-CPU
29,CPU,I-CPU
29,cores,I-CPU
29,48GB,B-RAM
29,RAM,I-RAM
29,and,O
29,a,O
29,200GB,B-DISK
29,SSD,I-DISK
29,plus,O
29,an,O
29,ExtraGraphic200,B-EXTRA_DISK
29,.,O
29,The,O
29,operating,O
29,system,O
29,should,O
29,be,O
29,CentOS,B-OS
29,8,I-OS
29,with,O
29,a,O
29,public,B-NETWORK
29,IPV4,B-PROTOCOL
29,network,O
29,address,O
29,.,O
29,Implement,O
29,SSH,B-SSH
29,Key-GraphicAccess,I-SSH
29,and,O
29,Firewall-GraphicDefender,B-FIREWALL
29,.,O
29,Schedule,O
29,the,O
29,backups,O
29,to,O
29,be,O
29,daily,B-BACKUP
29,.,O
30,Set,O
30,up,O
30,a,O
30,Small,B-PLAN
30,ClientDB,B-SERVER
30,server,O
30,in,O
30,the,O
30,Mira,B-DATACENTER
30,data,I-DATACENTER
30,center,I-DATACENTER
30,.,O
30,It,O
30,should,O
30,have,O
30,2,B-CPU
30,CPU,I-CPU
30,cores,I-CPU
30,4GB,B-RAM
30,RAM,I-RAM
30,and,O
30,a,O
30,primary,O
30,30GB,B-DISK
30,SSD,I-DISK
30,with,O
30,an,O
30,ExtraDB30,B-EXTRA_DISK
30,for,O
30,backup,O
30,.,O
30,The,O
30,server,O
30,needs,O
30,to,O
30,run,O
30,Debian,B-OS
30,12,I-OS
30,with,O
30,a,O
30,private,B-NETWORK
30,IPV6,B-PROTOCOL
30,network,O
30,address,O
30,.,O
30,Include,O
30,SSH,B-SSH
30,Key-DBSecure,I-SSH
30,and,O
30,Firewall-DBShield,B-FIREWALL
30,.,O
30,Opt,O
30,for,O
30,weekly,B-BACKUP
30,backups,O
30,.,O
31,Deploy,O
31,a,O
31,server,O
31,AnalyticsVM03,B-SERVER
31,under,O
31,a,O
31,Medium,B-PLAN
31,plan,I-PLAN
31,in,O
31,the,O
31,Vela,B-DATACENTER
31,data,I-DATACENTER
31,center,I-DATACENTER
31,.,O
31,Specifications,O
31,4,B-CPU
31,CPU,I-CPU
31,cores,I-CPU
31,8GB,B-RAM
31,RAM,I-RAM
31,40GB,B-DISK
31,SSD,I-DISK
31,and,O
31,an,O
31,ExtraAnalytic40,B-EXTRA_DISK
31,.,O
31,Preferred,O
31,OS,O
31,is,O
31,Ubuntu,B-OS
31,20.04,I-OS
31,with,O
31,a,O
31,private,B-NETWORK
31,IPV4,B-PROTOCOL
31,network,O
31,.,O
31,Add,O
31,SSH,B-SSH
31,Key-Analytic03,I-SSH
31,for,O
31,access,O
31,and,O
31,Firewall-AnalyticGate,B-FIREWALL
31,for,O
31,security,O
31,.,O
31,Monthly,B-BACKUP
31,backups,O
31,are,O
31,essential,O
31,.,O
32,Create,O
32,a,O
32,Large,B-PLAN
32,CloudHost,B-SERVER
32,server,O
32,in,O
32,the,O
32,Regulus,B-DATACENTER
32,data,I-DATACENTER
32,center,I-DATACENTER
32,.,O
32,It,O
32,should,O
32,be,O
32,equipped,O
32,with,O
32,10,B-CPU
32,CPU,I-CPU
32,cores,I-CPU
32,64GB,B-RAM
32,RAM,I-RAM
32,and,O
32,a,O
32,250GB,B-DISK
32,SSD,I-DISK
32,.,O
32,Add,O
32,ExtraCloud250,B-EXTRA_DISK
32,for,O
32,additional,O
32,storage,O
32,.,O
32,The,O
32,operating,O
32,system,O
32,must,O
32,be,O
32,Windows,B-OS
32,Server,I-OS
32,2019,I-OS
32,with,O
32,a,O
32,public,B-NETWORK
32,IPV6,B-PROTOCOL
32,network,O
32,.,O
32,Attach,O
32,SSH,B-SSH
32,Key-CloudMaster,I-SSH
32,and,O
32,Firewall-CloudBarrier,B-FIREWALL
32,for,O
32,security,O
32,.,O
32,Daily,B-BACKUP
32,backups,O
32,are,O
32,required,O
32,.,O
33,We,O
33,need,O
33,a,O
33,Small,B-PLAN
33,TestEnv,B-SERVER
33,server,O
33,in,O
33,the,O
33,Mirfak,B-DATACENTER
33,data,I-DATACENTER
33,center,I-DATACENTER
33,.,O
33,The,O
33,server,O
33,should,O
33,have,O
33,2,B-CPU
33,CPU,I-CPU
33,cores,I-CPU
33,4GB,B-RAM
33,RAM,I-RAM
33,a,O
33,20GB,B-DISK
33,SSD,I-DISK
33,and,O
33,an,O
33,ExtraTest20,B-EXTRA_DISK
33,disk,O
33,.,O
33,Install,O
33,CentOS,B-OS
33,7,I-OS
33,for,O
33,the,O
33,operating,O
33,system,O
33,ensure,O
33,a,O
33,private,B-NETWORK
33,IPV4,B-PROTOCOL
33,network,O
33,address,O
33,and,O
33,include,O
33,SSH,B-SSH
33,Key-TestAccess,I-SSH
33,and,O
33,Firewall-TestProtect,B-FIREWALL
33,.,O
33,Weekly,B-BACKUP
33,backups,O
33,preferred,O
33,.,O
34,Order,O
34,a,O
34,DataMining,B-SERVER
34,server,O
34,with,O
34,a,O
34,Medium,B-PLAN
34,plan,I-PLAN
34,in,O
34,the,O
34,Alphard,B-DATACENTER
34,data,I-DATACENTER
34,center,I-DATACENTER
34,.,O
34,It,O
34,needs,O
34,6,B-CPU
34,CPU,I-CPU
34,cores,I-CPU
34,16GB,B-RAM
34,RAM,I-RAM
34,a,O
34,60GB,B-DISK
34,SSD,I-DISK
34,and,O
34,an,O
34,extra,O
34,disk,O
34,MineExtra60,B-EXTRA_DISK
34,.,O
34,The,O
34,server,O
34,should,O
34,run,O
34,on,O
34,Ubuntu,B-OS
34,18.04,I-OS
34,.,O
34,Ensure,O
34,it,O
34,has,O
34,a,O
34,public,B-NETWORK
34,network,O
34,address,O
34,using,O
34,IPV6,B-PROTOCOL
34,and,O
34,attach,O
34,SSH,B-SSH
34,Key-MineSecure,I-SSH
34,for,O
34,access,O
34,and,O
34,Firewall-MineGuard,B-FIREWALL
34,for,O
34,security,O
34,.,O
34,Set,O
34,the,O
34,backup,O
34,schedule,O
34,to,O
34,be,O
34,monthly,B-BACKUP
34,.,O
35,Establish,O
35,a,O
35,server,O
35,titled,O
35,CloudAnalytics,B-SERVER
35,in,O
35,the,O
35,Electra,B-DATACENTER
35,data,I-DATACENTER
35,center,I-DATACENTER
35,under,O
35,a,O
35,Medium,B-PLAN
35,plan,I-PLAN
35,.,O
35,The,O
35,server,O
35,should,O
35,feature,O
35,6,B-CPU
35,CPU,I-CPU
35,cores,I-CPU
35,12GB,B-RAM
35,RAM,I-RAM
35,a,O
35,70GB,B-DISK
35,SSD,I-DISK
35,and,O
35,an,O
35,additional,O
35,disk,O
35,ExtraAnalytic70,B-EXTRA_DISK
35,.,O
35,For,O
35,the,O
35,operating,O
35,system,O
35,opt,O
35,for,O
35,Ubuntu,B-OS
35,20.04,I-OS
35,.,O
35,Ensure,O
35,a,O
35,public,B-NETWORK
35,network,O
35,address,O
35,using,O
35,IPV4,B-PROTOCOL
35,protocol,O
35,secure,O
35,it,O
35,with,O
35,SSH,B-SSH
35,Key-AnalyticGate,I-SSH
35,and,O
35,implement,O
35,Firewall-AnalyticSecure,B-FIREWALL
35,.,O
35,The,O
35,backup,O
35,schedule,O
35,should,O
35,be,O
35,set,O
35,to,O
35,weekly,B-BACKUP
35,.,O
36,I,O
36,require,O
36,a,O
36,Large,B-PLAN
36,plan,I-PLAN
36,server,O
36,DataWarehouse01,B-SERVER
36,in,O
36,the,O
36,Mira,B-DATACENTER
36,data,I-DATACENTER
36,center,I-DATACENTER
36,.,O
36,Equip,O
36,it,O
36,with,O
36,10,B-CPU
36,CPU,I-CPU
36,cores,I-CPU
36,48GB,B-RAM
36,RAM,I-RAM
36,a,O
36,primary,O
36,disk,O
36,of,O
36,200GB,B-DISK
36,SSD,I-DISK
36,and,O
36,an,O
36,ExtraData200,B-EXTRA_DISK
36,disk,O
36,.,O
36,The,O
36,server,O
36,should,O
36,run,O
36,Debian,B-OS
36,11,I-OS
36,.,O
36,A,O
36,private,B-NETWORK
36,network,O
36,address,O
36,with,O
36,IPV6,B-PROTOCOL
36,protocol,O
36,is,O
36,necessary,O
36,along,O
36,with,O
36,SSH,B-SSH
36,Key-WarehouseAccess,I-SSH
36,and,O
36,Firewall-DataW,B-FIREWALL
36,.,O
36,Arrange,O
36,for,O
36,daily,B-BACKUP
36,backups,O
36,.,O
37,Create,O
37,a,O
37,Small,B-PLAN
37,plan,I-PLAN
37,server,O
37,DevToolbox,B-SERVER
37,in,O
37,the,O
37,Regulus,B-DATACENTER
37,data,I-DATACENTER
37,center,I-DATACENTER
37,.,O
37,It,O
37,needs,O
37,3,B-CPU
37,CPU,I-CPU
37,cores,I-CPU
37,6GB,B-RAM
37,RAM,I-RAM
37,and,O
37,a,O
37,35GB,B-DISK
37,SSD,I-DISK
37,.,O
37,Attach,O
37,ExtraDev35,B-EXTRA_DISK
37,for,O
37,more,O
37,storage,O
37,.,O
37,The,O
37,operating,O
37,system,O
37,should,O
37,be,O
37,CentOS,B-OS
37,8,I-OS
37,.,O
37,A,O
37,public,B-NETWORK
37,network,O
37,address,O
37,using,O
37,IPV4,B-PROTOCOL
37,is,O
37,preferred,O
37,with,O
37,SSH,B-SSH
37,Key-DevTool,I-SSH
37,for,O
37,access,O
37,and,O
37,Firewall-DevShield,B-FIREWALL
37,for,O
37,security,O
37,.,O
37,Opt,O
37,for,O
37,monthly,B-BACKUP
37,backups,O
37,.,O
38,Deploy,O
38,a,O
38,server,O
38,named,O
38,MediaRender,B-SERVER
38,with,O
38,a,O
38,Medium,B-PLAN
38,plan,I-PLAN
38,in,O
38,the,O
38,Vega,B-DATACENTER
38,data,I-DATACENTER
38,center,I-DATACENTER
38,.,O
38,It,O
38,should,O
38,be,O
38,configured,O
38,with,O
38,5,B-CPU
38,CPU,I-CPU
38,cores,I-CPU
38,10GB,B-RAM
38,RAM,I-RAM
38,and,O
38,a,O
38,primary,O
38,disk,O
38,of,O
38,60GB,B-DISK
38,SSD,I-DISK
38,.,O
38,Add,O
38,an,O
38,ExtraMedia60,B-EXTRA_DISK
38,disk,O
38,for,O
38,backup,O
38,storage,O
38,.,O
38,The,O
38,operating,O
38,system,O
38,should,O
38,be,O
38,Windows,B-OS
38,Server,I-OS
38,2019,I-OS
38,.,O
38,The,O
38,server's,O
38,network,O
38,address,O
38,needs,O
38,to,O
38,be,O
38,private,B-NETWORK
38,utilizing,O
38,IPV6,B-PROTOCOL
38,.,O
38,Attach,O
38,SSH,B-SSH
38,Key-Media01,I-SSH
38,and,O
38,secure,O
38,it,O
38,with,O
38,Firewall-MediaGuard,B-FIREWALL
38,.,O
38,Set,O
38,for,O
38,weekly,B-BACKUP
38,backups,O
38,.,O
39,Set,O
39,up,O
39,a,O
39,LogAnalysis,B-SERVER
39,server,O
39,under,O
39,a,O
39,Large,B-PLAN
39,plan,I-PLAN
39,in,O
39,the,O
39,Proxima,B-DATACENTER
39,data,I-DATACENTER
39,center,I-DATACENTER
39,.,O
39,Specifications,O
39,8,B-CPU
39,CPU,I-CPU
39,cores,I-CPU
39,16GB,B-RAM
39,RAM,I-RAM
39,120GB,B-DISK
39,SSD,I-DISK
39,plus,O
39,an,O
39,ExtraLog120,B-EXTRA_DISK
39,disk,O
39,.,O
39,Use,O
39,Ubuntu,B-OS
39,18.04,I-OS
39,for,O
39,the,O
39,OS,O
39,a,O
39,public,B-NETWORK
39,IPV4,B-PROTOCOL
39,network,O
39,address,O
39,SSH,B-SSH
39,Key-LogSecure,I-SSH
39,and,O
39,Firewall-LogDefender,B-FIREWALL
39,.,O
39,Daily,B-BACKUP
39,backups,O
39,are,O
39,required,O
39,.,O
40,I,O
40,need,O
40,a,O
40,Medium,B-PLAN
40,server,O
40,CodeRepo,B-SERVER
40,in,O
40,the,O
40,Sirius,B-DATACENTER
40,data,I-DATACENTER
40,center,I-DATACENTER
40,.,O
40,Equip,O
40,it,O
40,with,O
40,4,B-CPU
40,CPU,I-CPU
40,cores,I-CPU
40,8GB,B-RAM
40,RAM,I-RAM
40,a,O
40,50GB,B-DISK
40,SSD,I-DISK
40,and,O
40,an,O
40,ExtraRepo50,B-EXTRA_DISK
40,.,O
40,The,O
40,system,O
40,should,O
40,run,O
40,Debian,B-OS
40,10,I-OS
40,.,O
40,Ensure,O
40,a,O
40,private,B-NETWORK
40,network,O
40,address,O
40,using,O
40,the,O
40,IPV6,B-PROTOCOL
40,protocol,O
40,.,O
40,Use,O
40,SSH,B-SSH
40,Key-RepoAccess,I-SSH
40,and,O
40,Firewall-RepoSafe,B-FIREWALL
40,for,O
40,security,O
40,.,O
40,Monthly,B-BACKUP
40,backups,O
40,.,O
41,Configure,O
41,a,O
41,server,O
41,BackupNode,B-SERVER
41,in,O
41,the,O
41,Altair,B-DATACENTER
41,data,I-DATACENTER
41,center,I-DATACENTER
41,under,O
41,a,O
41,Small,B-PLAN
41,plan,I-PLAN
41,.,O
41,It,O
41,should,O
41,have,O
41,2,B-CPU
41,CPU,I-CPU
41,cores,I-CPU
41,4GB,B-RAM
41,RAM,I-RAM
41,and,O
41,a,O
41,25GB,B-DISK
41,SSD,I-DISK
41,.,O
41,Attach,O
41,ExtraBackup25,B-EXTRA_DISK
41,for,O
41,additional,O
41,space,O
41,.,O
41,The,O
41,operating,O
41,system,O
41,should,O
41,be,O
41,CentOS,B-OS
41,7,I-OS
41,.,O
41,The,O
41,network,O
41,address,O
41,should,O
41,be,O
41,public,B-NETWORK
41,using,O
41,IPV4,B-PROTOCOL
41,protocol,O
41,.,O
41,Include,O
41,SSH,B-SSH
41,Key-BackupKey,I-SSH
41,and,O
41,Firewall-BackupGate,B-FIREWALL
41,for,O
41,security,O
41,.,O
41,Weekly,B-BACKUP
41,backups,O
41,are,O
41,preferred,O
41,.,O
42,Please,O
42,set,O
42,up,O
42,a,O
42,FileHost01,B-SERVER
42,server,O
42,in,O
42,the,O
42,Deneb,B-DATACENTER
42,data,I-DATACENTER
42,center,I-DATACENTER
42,with,O
42,a,O
42,Large,B-PLAN
42,plan,I-PLAN
42,.,O
42,The,O
42,server,O
42,must,O
42,feature,O
42,12,B-CPU
42,CPU,I-CPU
42,cores,I-CPU
42,64GB,B-RAM
42,RAM,I-RAM
42,a,O
42,primary,O
42,250GB,B-DISK
42,SSD,I-DISK
42,and,O
42,an,O
42,ExtraFile250,B-EXTRA_DISK
42,.,O
42,Install,O
42,Windows,B-OS
42,Server,I-OS
42,2016,I-OS
42,ensure,O
42,a,O
42,private,B-NETWORK
42,IPV6,B-PROTOCOL
42,network,O
42,address,O
42,.,O
42,attach,O
42,SSH,B-SSH
42,Key-FileMaster,I-SSH
42,and,O
42,Firewall-FileShield,B-FIREWALL
42,.,O
42,Opt,O
42,for,O
42,daily,B-BACKUP
42,backups,O
42,.,O
43,Deploy,O
43,a,O
43,Small,B-PLAN
43,plan,I-PLAN
43,WebPortal,B-SERVER
43,server,O
43,in,O
43,the,O
43,Betelgeuse,B-DATACENTER
43,data,I-DATACENTER
43,center,I-DATACENTER
43,.,O
43,Specifications,O
43,3,B-CPU
43,CPU,I-CPU
43,cores,I-CPU
43,6GB,B-RAM
43,RAM,I-RAM
43,40GB,B-DISK
43,SSD,I-DISK
43,and,O
43,an,O
43,ExtraWeb40,B-EXTRA_DISK
43,.,O
43,Preferred,O
43,OS,O
43,is,O
43,Ubuntu,B-OS
43,20.04,I-OS
43,with,O
43,a,O
43,public,B-NETWORK
43,IPV6,B-PROTOCOL
43,network,O
43,address,O
43,.,O
43,Include,O
43,SSH,B-SSH
43,Key-PortalAccess,I-SSH
43,and,O
43,Firewall-WebProtect,B-FIREWALL
43,.,O
43,Schedule,O
43,weekly,B-BACKUP
43,backups,O
43,.,O
44,Set,O
44,up,O
44,a,O
44,DevOpsCore,B-SERVER
44,server,O
44,under,O
44,a,O
44,Medium,B-PLAN
44,plan,I-PLAN
44,in,O
44,the,O
44,Rigel,B-DATACENTER
44,data,I-DATACENTER
44,center,I-DATACENTER
44,.,O
44,It,O
44,needs,O
44,5,B-CPU
44,CPU,I-CPU
44,cores,I-CPU
44,10GB,B-RAM
44,RAM,I-RAM
44,a,O
44,60GB,B-DISK
44,SSD,I-DISK
44,and,O
44,an,O
44,ExtraDevOps60,B-EXTRA_DISK
44,disk,O
44,.,O
44,The,O
44,server,O
44,should,O
44,run,O
44,on,O
44,CentOS,B-OS
44,8,I-OS
44,.,O
44,A,O
44,private,B-NETWORK
44,network,O
44,address,O
44,using,O
44,IPV4,B-PROTOCOL
44,is,O
44,necessary,O
44,along,O
44,with,O
44,SSH,B-SSH
44,Key-DevOpsKey,I-SSH
44,and,O
44,Firewall-DevOpsGuard,B-FIREWALL
44,.,O
44,Arrange,O
44,for,O
44,monthly,B-BACKUP
44,backups,O
44,.,O
45,Establish,O
45,a,O
45,DataSync02,B-SERVER
45,server,O
45,in,O
45,the,O
45,Spica,B-DATACENTER
45,data,I-DATACENTER
45,center,I-DATACENTER
45,with,O
45,a,O
45,Large,B-PLAN
45,plan,I-PLAN
45,.,O
45,It,O
45,should,O
45,have,O
45,10,B-CPU
45,CPU,I-CPU
45,cores,I-CPU
45,32GB,B-RAM
45,RAM,I-RAM
45,a,O
45,150GB,B-DISK
45,SSD,I-DISK
45,and,O
45,an,O
45,additional,O
45,disk,O
45,DataExtra150,B-EXTRA_DISK
45,.,O
45,Install,O
45,Debian,B-OS
45,11,I-OS
45,ensure,O
45,a,O
45,public,B-NETWORK
45,IPV4,B-PROTOCOL
45,network,O
45,address,O
45,.,O
45,add,O
45,SSH,B-SSH
45,Key-Sync02,I-SSH
45,and,O
45,Firewall-DataSafe,B-FIREWALL
45,.,O
45,Daily,B-BACKUP
45,backups,O
45,are,O
45,required,O
45,.,O
46,I,O
46,require,O
46,a,O
46,server,O
46,named,O
46,RenderFarm02,B-SERVER
46,in,O
46,the,O
46,Orion,B-DATACENTER
46,data,I-DATACENTER
46,center,I-DATACENTER
46,with,O
46,a,O
46,Medium,B-PLAN
46,plan,I-PLAN
46,.,O
46,Equip,O
46,it,O
46,with,O
46,6,B-CPU
46,CPU,I-CPU
46,cores,I-CPU
46,16GB,B-RAM
46,RAM,I-RAM
46,a,O
46,75GB,B-DISK
46,SSD,I-DISK
46,and,O
46,ExtraRender75,B-EXTRA_DISK
46,.,O
46,The,O
46,server,O
46,should,O
46,run,O
46,Ubuntu,B-OS
46,18.04,I-OS
46,.,O
46,The,O
46,network,O
46,address,O
46,should,O
46,be,O
46,private,B-NETWORK
46,utilizing,O
46,IPV6,B-PROTOCOL
46,protocol,O
46,.,O
46,Use,O
46,SSH,B-SSH
46,Key-RenderAccess,I-SSH
46,and,O
46,Firewall-RenderSecure,B-FIREWALL
46,.,O
46,Set,O
46,for,O
46,weekly,B-BACKUP
46,backups,O
46,.,O
47,Create,O
47,a,O
47,TestServer,B-SERVER
47,in,O
47,the,O
47,Antares,B-DATACENTER
47,data,I-DATACENTER
47,center,I-DATACENTER
47,under,O
47,a,O
47,Small,B-PLAN
47,plan,I-PLAN
47,.,O
47,It,O
47,needs,O
47,2,B-CPU
47,CPU,I-CPU
47,cores,I-CPU
47,4GB,B-RAM
47,RAM,I-RAM
47,and,O
47,a,O
47,30GB,B-DISK
47,SSD,I-DISK
47,.,O
47,Add,O
47,an,O
47,ExtraTest30,B-EXTRA_DISK
47,for,O
47,additional,O
47,storage,O
47,.,O
47,The,O
47,operating,O
47,system,O
47,should,O
47,be,O
47,Windows,B-OS
47,Server,I-OS
47,2019,I-OS
47,.,O
47,Ensure,O
47,a,O
47,public,B-NETWORK
47,network,O
47,address,O
47,with,O
47,IPV4,B-PROTOCOL
47,and,O
47,include,O
47,SSH,B-SSH
47,Key-TestSecure,I-SSH
47,and,O
47,Firewall-TestGuard,B-FIREWALL
47,.,O
47,Opt,O
47,for,O
47,monthly,B-BACKUP
47,backups,O
47,.,O
48,Deploy,O
48,a,O
48,BatchProcess,B-SERVER
48,server,O
48,in,O
48,the,O
48,Capella,B-DATACENTER
48,data,I-DATACENTER
48,center,I-DATACENTER
48,with,O
48,a,O
48,Large,B-PLAN
48,plan,I-PLAN
48,.,O
48,It,O
48,should,O
48,have,O
48,12,B-CPU
48,CPU,I-CPU
48,cores,I-CPU
48,48GB,B-RAM
48,RAM,I-RAM
48,a,O
48,200GB,B-DISK
48,SSD,I-DISK
48,and,O
48,ExtraBatch200,B-EXTRA_DISK
48,.,O
48,OS,O
48,Debian,B-OS
48,10,I-OS
48,network,O
48,private,B-NETWORK
48,IPV6,B-PROTOCOL
48,SSH,B-SSH
48,Key-BatchKey,I-SSH
48,and,O
48,Firewall-BatchSafe,B-FIREWALL
48,.,O
48,Daily,B-BACKUP
48,backups,O
48,.,O
49,Request,O
49,a,O
49,Medium,B-PLAN
49,AppDeploy,B-SERVER
49,server,O
49,in,O
49,the,O
49,Aldebaran,B-DATACENTER
49,data,I-DATACENTER
49,center,I-DATACENTER
49,.,O
49,Specifications,O
49,5,B-CPU
49,CPU,I-CPU
49,cores,I-CPU
49,12GB,B-RAM
49,RAM,I-RAM
49,60GB,B-DISK
49,SSD,I-DISK
49,and,O
49,ExtraApp60,B-EXTRA_DISK
49,.,O
49,The,O
49,server,O
49,should,O
49,run,O
49,on,O
49,CentOS,B-OS
49,7,I-OS
49,with,O
49,a,O
49,public,B-NETWORK
49,IPV4,B-PROTOCOL
49,network,O
49,address,O
49,SSH,B-SSH
49,Key-AppSecure,I-SSH
49,and,O
49,Firewall-AppDefend,B-FIREWALL
49,.,O
49,Monthly,B-BACKUP
49,backups,O
49,.,O
50,Set,O
50,up,O
50,a,O
50,CloudCompute,B-SERVER
50,server,O
50,under,O
50,a,O
50,Small,B-PLAN
50,plan,I-PLAN
50,in,O
50,the,O
50,Pollux,B-DATACENTER
50,data,I-DATACENTER
50,center,I-DATACENTER
50,.,O
50,Require,O
50,3,B-CPU
50,CPU,I-CPU
50,cores,I-CPU
50,6GB,B-RAM
50,RAM,I-RAM
50,and,O
50,a,O
50,35GB,B-DISK
50,SSD,I-DISK
50,along,O
50,with,O
50,ExtraCloud35,B-EXTRA_DISK
50,.,O
50,OS,O
50,preference,O
50,is,O
50,Ubuntu,B-OS
50,20.04,I-OS
50,with,O
50,a,O
50,private,B-NETWORK
50,IPV6,B-PROTOCOL
50,address,O
50,SSH,B-SSH
50,Key-CloudKey,I-SSH
50,and,O
50,Firewall-CloudGate,B-FIREWALL
50,.,O
50,Weekly,B-BACKUP
50,backups,O
50,.,O
51,Establish,O
51,a,O
51,DataAnalysis,B-SERVER
51,server,O
51,in,O
51,the,O
51,Procyon,B-DATACENTER
51,data,I-DATACENTER
51,center,I-DATACENTER
51,with,O
51,a,O
51,Large,B-PLAN
51,plan,I-PLAN
51,.,O
51,It,O
51,needs,O
51,10,B-CPU
51,CPU,I-CPU
51,cores,I-CPU
51,32GB,B-RAM
51,RAM,I-RAM
51,160GB,B-DISK
51,SSD,I-DISK
51,and,O
51,an,O
51,extra,O
51,disk,O
51,AnalysisExtra160,B-EXTRA_DISK
51,.,O
51,Install,O
51,Windows,B-OS
51,Server,I-OS
51,2019,I-OS
51,ensure,O
51,a,O
51,public,B-NETWORK
51,IPV4,B-PROTOCOL
51,network,O
51,address,O
51,.,O
51,secure,O
51,it,O
51,with,O
51,SSH,B-SSH
51,Key-AnalyseAccess,I-SSH
51,and,O
51,Firewall-DataAnalyse,B-FIREWALL
51,.,O
51,Opt,O
51,for,O
51,daily,B-BACKUP
51,backups,O
51,.,O
52,I,O
52,need,O
52,a,O
52,Medium,B-PLAN
52,WebServer02,B-SERVER
52,in,O
52,the,O
52,Vega,B-DATACENTER
52,data,I-DATACENTER
52,center,I-DATACENTER
52,.,O
52,It,O
52,should,O
52,have,O
52,4,B-CPU
52,CPU,I-CPU
52,cores,I-CPU
52,8GB,B-RAM
52,RAM,I-RAM
52,a,O
52,50GB,B-DISK
52,SSD,I-DISK
52,and,O
52,ExtraWeb50,B-EXTRA_DISK
52,.,O
52,The,O
52,operating,O
52,system,O
52,should,O
52,be,O
52,Debian,B-OS
52,11,I-OS
52,.,O
52,A,O
52,private,B-NETWORK
52,IPV6,B-PROTOCOL
52,network,O
52,address,O
52,is,O
52,required,O
52,along,O
52,with,O
52,SSH,B-SSH
52,Key-WebMaster,I-SSH
52,and,O
52,Firewall-WebSafe,B-FIREWALL
52,.,O
52,Monthly,B-BACKUP
52,backups,O
52,.,O
53,Configure,O
53,a,O
53,server,O
53,IoTHub,B-SERVER
53,in,O
53,the,O
53,Sirius,B-DATACENTER
53,data,I-DATACENTER
53,center,I-DATACENTER
53,under,O
53,a,O
53,Small,B-PLAN
53,plan,I-PLAN
53,.,O
53,Specifications,O
53,2,B-CPU
53,CPU,I-CPU
53,cores,I-CPU
53,4GB,B-RAM
53,RAM,I-RAM
53,20GB,B-DISK
53,SSD,I-DISK
53,plus,O
53,ExtraIoT20,B-EXTRA_DISK
53,.,O
53,Use,O
53,CentOS,B-OS
53,8,I-OS
53,ensure,O
53,a,O
53,public,B-NETWORK
53,IPV4,B-PROTOCOL
53,network,O
53,address,O
53,.,O
53,attach,O
53,SSH,B-SSH
53,Key-IoTAccess,I-SSH
53,and,O
53,equip,O
53,with,O
53,Firewall-IoTProtect,B-FIREWALL
53,.,O
53,Weekly,B-BACKUP
53,backups,O
53,.,O
54,Deploy,O
54,a,O
54,DataMart,B-SERVER
54,server,O
54,with,O
54,a,O
54,Medium,B-PLAN
54,plan,I-PLAN
54,in,O
54,the,O
54,Altair,B-DATACENTER
54,data,I-DATACENTER
54,center,I-DATACENTER
54,.,O
54,It,O
54,should,O
54,include,O
54,6,B-CPU
54,CPU,I-CPU
54,cores,I-CPU
54,12GB,B-RAM
54,RAM,I-RAM
54,a,O
54,70GB,B-DISK
54,SSD,I-DISK
54,and,O
54,an,O
54,ExtraDataMart70,B-EXTRA_DISK
54,.,O
54,Operating,O
54,system,O
54,Ubuntu,B-OS
54,18.04,I-OS
54,network,O
54,private,B-NETWORK
54,IPV6,B-PROTOCOL
54,SSH,B-SSH
54,Key-DataMartKey,I-SSH
54,and,O
54,Firewall-DataMartGuard,B-FIREWALL
54,.,O
54,Monthly,B-BACKUP
54,backups,O
54,.,O
55,Provision,O
55,a,O
55,server,O
55,NetScan01,B-SERVER
55,in,O
55,the,O
55,Lyra,B-DATACENTER
55,data,I-DATACENTER
55,center,I-DATACENTER
55,under,O
55,a,O
55,Small,B-PLAN
55,plan,I-PLAN
55,.,O
55,It,O
55,should,O
55,feature,O
55,3,B-CPU
55,CPU,I-CPU
55,cores,I-CPU
55,6GB,B-RAM
55,RAM,I-RAM
55,and,O
55,a,O
55,40GB,B-DISK
55,SSD,I-DISK
55,.,O
55,Add,O
55,an,O
55,ExtraNet40,B-EXTRA_DISK
55,disk,O
55,.,O
55,Operating,O
55,system,O
55,preference,O
55,is,O
55,Windows,B-OS
55,Server,I-OS
55,2022,I-OS
55,with,O
55,a,O
55,public,B-NETWORK
55,IPV6,B-PROTOCOL
55,network,O
55,address,O
55,.,O
55,Include,O
55,SSH,B-SSH
55,Key-ScanSecure,I-SSH
55,for,O
55,access,O
55,and,O
55,Firewall-NetGuard,B-FIREWALL
55,for,O
55,security,O
55,.,O
55,Set,O
55,the,O
55,backup,O
55,schedule,O
55,to,O
55,be,O
55,weekly,B-BACKUP
55,.,O
56,I,O
56,need,O
56,a,O
56,server,O
56,titled,O
56,DevAnalysis,B-SERVER
56,in,O
56,the,O
56,Orion,B-DATACENTER
56,data,I-DATACENTER
56,center,I-DATACENTER
56,with,O
56,a,O
56,Medium,B-PLAN
56,plan,I-PLAN
56,.,O
56,Equip,O
56,it,O
56,with,O
56,5,B-CPU
56,CPU,I-CPU
56,cores,I-CPU
56,10GB,B-RAM
56,RAM,I-RAM
56,and,O
56,a,O
56,primary,O
56,disk,O
56,of,O
56,60GB,B-DISK
56,SSD,I-DISK
56,plus,O
56,an,O
56,ExtraDev60,B-EXTRA_DISK
56,disk,O
56,.,O
56,The,O
56,server,O
56,should,O
56,run,O
56,on,O
56,CentOS,B-OS
56,7,I-OS
56,.,O
56,Ensure,O
56,a,O
56,private,B-NETWORK
56,network,O
56,address,O
56,using,O
56,IPV4,B-PROTOCOL
56,protocol,O
56,.,O
56,attach,O
56,SSH,B-SSH
56,Key-Analysis01,I-SSH
56,and,O
56,use,O
56,Firewall-DevAnalytic,B-FIREWALL
56,for,O
56,protection,O
56,.,O
56,Opt,O
56,for,O
56,monthly,B-BACKUP
56,backups,O
56,.,O
57,Configure,O
57,a,O
57,Large,B-PLAN
57,server,O
57,DataRender,B-SERVER
57,in,O
57,the,O
57,Castor,B-DATACENTER
57,data,I-DATACENTER
57,center,I-DATACENTER
57,.,O
57,It,O
57,should,O
57,have,O
57,12,B-CPU
57,CPU,I-CPU
57,cores,I-CPU
57,64GB,B-RAM
57,RAM,I-RAM
57,and,O
57,a,O
57,250GB,B-DISK
57,SSD,I-DISK
57,complemented,O
57,by,O
57,an,O
57,additional,O
57,disk,O
57,RenderExtra250,B-EXTRA_DISK
57,.,O
57,The,O
57,operating,O
57,system,O
57,must,O
57,be,O
57,Ubuntu,B-OS
57,20.04,I-OS
57,.,O
57,A,O
57,public,B-NETWORK
57,network,O
57,address,O
57,with,O
57,IPV4,B-PROTOCOL
57,protocol,O
57,is,O
57,preferred,O
57,.,O
57,Secure,O
57,the,O
57,server,O
57,with,O
57,SSH,B-SSH
57,Key-RenderMaster,I-SSH
57,and,O
57,Firewall-RenderSafe,B-FIREWALL
57,.,O
57,Arrange,O
57,for,O
57,daily,B-BACKUP
57,backups,O
57,.,O
58,Set,O
58,up,O
58,a,O
58,Small,B-PLAN
58,plan,I-PLAN
58,server,O
58,CodeLab,B-SERVER
58,in,O
58,the,O
58,Sirius,B-DATACENTER
58,data,I-DATACENTER
58,center,I-DATACENTER
58,.,O
58,Requirements,O
58,2,B-CPU
58,CPU,I-CPU
58,cores,I-CPU
58,4GB,B-RAM
58,RAM,I-RAM
58,and,O
58,a,O
58,25GB,B-DISK
58,SSD,I-DISK
58,.,O
58,Attach,O
58,an,O
58,ExtraCode25,B-EXTRA_DISK
58,disk,O
58,for,O
58,more,O
58,storage,O
58,.,O
58,The,O
58,system,O
58,should,O
58,run,O
58,Debian,B-OS
58,10,I-OS
58,.,O
58,A,O
58,private,B-NETWORK
58,network,O
58,address,O
58,using,O
58,IPV6,B-PROTOCOL
58,is,O
58,necessary,O
58,along,O
58,with,O
58,SSH,B-SSH
58,Key-CodeAccess,I-SSH
58,and,O
58,Firewall-CodeShield,B-FIREWALL
58,.,O
58,Weekly,B-BACKUP
58,backups,O
58,are,O
58,preferred,O
58,.,O
59,Deploy,O
59,a,O
59,server,O
59,named,O
59,MediaHub,B-SERVER
59,with,O
59,a,O
59,Medium,B-PLAN
59,plan,I-PLAN
59,in,O
59,the,O
59,Spica,B-DATACENTER
59,data,I-DATACENTER
59,center,I-DATACENTER
59,.,O
59,It,O
59,needs,O
59,at,O
59,least,O
59,6,B-CPU
59,CPU,I-CPU
59,cores,I-CPU
59,16GB,B-RAM
59,RAM,I-RAM
59,and,O
59,a,O
59,primary,O
59,disk,O
59,of,O
59,80GB,B-DISK
59,SSD,I-DISK
59,.,O
59,Add,O
59,an,O
59,ExtraMedia80,B-EXTRA_DISK
59,disk,O
59,for,O
59,backup,O
59,storage,O
59,.,O
59,The,O
59,operating,O
59,system,O
59,should,O
59,be,O
59,Windows,B-OS
59,Server,I-OS
59,2019,I-OS
59,.,O
59,The,O
59,server's,O
59,network,O
59,address,O
59,needs,O
59,to,O
59,be,O
59,public,B-NETWORK
59,utilizing,O
59,IPV6,B-PROTOCOL
59,.,O
59,Attach,O
59,SSH,B-SSH
59,Key-MediaSecure,I-SSH
59,and,O
59,secure,O
59,it,O
59,with,O
59,Firewall-MediaDefend,B-FIREWALL
59,.,O
59,Set,O
59,for,O
59,weekly,B-BACKUP
59,backups,O
59,.,O
60,Establish,O
60,a,O
60,BackupServer,B-SERVER
60,under,O
60,a,O
60,Large,B-PLAN
60,plan,I-PLAN
60,in,O
60,the,O
60,Polaris,B-DATACENTER
60,data,I-DATACENTER
60,center,I-DATACENTER
60,.,O
60,Specifications,O
60,10,B-CPU
60,CPU,I-CPU
60,cores,I-CPU
60,32GB,B-RAM
60,RAM,I-RAM
60,120GB,B-DISK
60,SSD,I-DISK
60,plus,O
60,an,O
60,ExtraBackup120,B-EXTRA_DISK
60,disk,O
60,.,O
60,Use,O
60,CentOS,B-OS
60,8,I-OS
60,for,O
60,the,O
60,OS,O
60,a,O
60,private,B-NETWORK
60,IPV4,B-PROTOCOL
60,network,O
60,address,O
60,SSH,B-SSH
60,Key-BackupKey01,I-SSH
60,and,O
60,Firewall-BackupGate,B-FIREWALL
60,.,O
60,Daily,B-BACKUP
60,backups,O
60,are,O
60,required,O
60,.,O
61,Request,O
61,a,O
61,Medium,B-PLAN
61,AppBuild,B-SERVER
61,server,O
61,in,O
61,the,O
61,Rigel,B-DATACENTER
61,data,I-DATACENTER
61,center,I-DATACENTER
61,.,O
61,Equip,O
61,it,O
61,with,O
61,4,B-CPU
61,CPU,I-CPU
61,cores,I-CPU
61,8GB,B-RAM
61,RAM,I-RAM
61,a,O
61,50GB,B-DISK
61,SSD,I-DISK
61,and,O
61,an,O
61,ExtraBuild50,B-EXTRA_DISK
61,.,O
61,The,O
61,system,O
61,should,O
61,run,O
61,Ubuntu,B-OS
61,18.04,I-OS
61,.,O
61,Ensure,O
61,a,O
61,public,B-NETWORK
61,network,O
61,address,O
61,using,O
61,the,O
61,IPV6,B-PROTOCOL
61,protocol,O
61,.,O
61,Use,O
61,SSH,B-SSH
61,Key-BuildSecure,I-SSH
61,and,O
61,Firewall-AppProtect,B-FIREWALL
61,for,O
61,security,O
61,.,O
61,Monthly,B-BACKUP
61,backups,O
61,.,O
62,Provision,O
62,a,O
62,DevTest,B-SERVER
62,server,O
62,in,O
62,the,O
62,Capella,B-DATACENTER
62,data,I-DATACENTER
62,center,I-DATACENTER
62,under,O
62,a,O
62,Small,B-PLAN
62,plan,I-PLAN
62,.,O
62,It,O
62,should,O
62,have,O
62,3,B-CPU
62,CPU,I-CPU
62,cores,I-CPU
62,6GB,B-RAM
62,RAM,I-RAM
62,and,O
62,a,O
62,30GB,B-DISK
62,SSD,I-DISK
62,.,O
62,Attach,O
62,ExtraDevTest30,B-EXTRA_DISK
62,for,O
62,additional,O
62,space,O
62,.,O
62,The,O
62,operating,O
62,system,O
62,should,O
62,be,O
62,Debian,B-OS
62,9,I-OS
62,.,O
62,The,O
62,network,O
62,address,O
62,should,O
62,be,O
62,public,B-NETWORK
62,using,O
62,IPV4,B-PROTOCOL
62,protocol,O
62,.,O
62,Include,O
62,SSH,B-SSH
62,Key-TestKey,I-SSH
62,and,O
62,Firewall-TestGuard,B-FIREWALL
62,for,O
62,security,O
62,.,O
62,Weekly,B-BACKUP
62,backups,O
62,are,O
62,preferred,O
62,.,O
63,Set,O
63,up,O
63,a,O
63,DataFlow,B-SERVER
63,server,O
63,in,O
63,the,O
63,Vega,B-DATACENTER
63,data,I-DATACENTER
63,center,I-DATACENTER
63,with,O
63,a,O
63,Large,B-PLAN
63,plan,I-PLAN
63,.,O
63,The,O
63,server,O
63,must,O
63,feature,O
63,8,B-CPU
63,CPU,I-CPU
63,cores,I-CPU
63,32GB,B-RAM
63,RAM,I-RAM
63,a,O
63,primary,O
63,120GB,B-DISK
63,SSD,I-DISK
63,and,O
63,an,O
63,ExtraData120,B-EXTRA_DISK
63,.,O
63,Install,O
63,Ubuntu,B-OS
63,20.04,I-OS
63,ensure,O
63,a,O
63,private,B-NETWORK
63,IPV6,B-PROTOCOL
63,network,O
63,address,O
63,.,O
63,attach,O
63,SSH,B-SSH
63,Key-FlowMaster,I-SSH
63,and,O
63,Firewall-DataFlowShield,B-FIREWALL
63,.,O
63,Opt,O
63,for,O
63,daily,B-BACKUP
63,backups,O
63,.,O
64,Deploy,O
64,a,O
64,Small,B-PLAN
64,plan,I-PLAN
64,WebServe01,B-SERVER
64,server,O
64,in,O
64,the,O
64,Deneb,B-DATACENTER
64,data,I-DATACENTER
64,center,I-DATACENTER
64,.,O
64,Specifications,O
64,2,B-CPU
64,CPU,I-CPU
64,cores,I-CPU
64,4GB,B-RAM
64,RAM,I-RAM
64,20GB,B-DISK
64,SSD,I-DISK
64,and,O
64,an,O
64,ExtraWeb20,B-EXTRA_DISK
64,.,O
64,Preferred,O
64,OS,O
64,is,O
64,CentOS,B-OS
64,8,I-OS
64,with,O
64,a,O
64,public,B-NETWORK
64,IPV6,B-PROTOCOL
64,network,O
64,address,O
64,.,O
64,Include,O
64,SSH,B-SSH
64,Key-ServeAccess,I-SSH
64,and,O
64,Firewall-WebSafe,B-FIREWALL
64,.,O
64,Schedule,O
64,weekly,B-BACKUP
64,backups,O
64,.,O
65,Create,O
65,a,O
65,ComputeNode,B-SERVER
65,server,O
65,under,O
65,a,O
65,Medium,B-PLAN
65,plan,I-PLAN
65,in,O
65,the,O
65,Betelgeuse,B-DATACENTER
65,data,I-DATACENTER
65,center,I-DATACENTER
65,.,O
65,It,O
65,needs,O
65,5,B-CPU
65,CPU,I-CPU
65,cores,I-CPU
65,12GB,B-RAM
65,RAM,I-RAM
65,a,O
65,70GB,B-DISK
65,SSD,I-DISK
65,and,O
65,an,O
65,ExtraCompute70,B-EXTRA_DISK
65,disk,O
65,.,O
65,The,O
65,server,O
65,should,O
65,run,O
65,on,O
65,Windows,B-OS
65,Server,I-OS
65,2016,I-OS
65,.,O
65,A,O
65,private,B-NETWORK
65,network,O
65,address,O
65,using,O
65,IPV4,B-PROTOCOL
65,is,O
65,necessary,O
65,along,O
65,with,O
65,SSH,B-SSH
65,Key-Compute01,I-SSH
65,and,O
65,Firewall-NodeProtect,B-FIREWALL
65,.,O
65,Arrange,O
65,for,O
65,monthly,B-BACKUP
65,backups,O
65,.,O
66,Establish,O
66,a,O
66,Streamline02,B-SERVER
66,server,O
66,in,O
66,the,O
66,Antares,B-DATACENTER
66,data,I-DATACENTER
66,center,I-DATACENTER
66,with,O
66,a,O
66,Large,B-PLAN
66,plan,I-PLAN
66,.,O
66,It,O
66,should,O
66,have,O
66,10,B-CPU
66,CPU,I-CPU
66,cores,I-CPU
66,48GB,B-RAM
66,RAM,I-RAM
66,a,O
66,primary,O
66,180GB,B-DISK
66,SSD,I-DISK
66,and,O
66,an,O
66,additional,O
66,disk,O
66,StreamExtra180,B-EXTRA_DISK
66,.,O
66,Install,O
66,Debian,B-OS
66,11,I-OS
66,ensure,O
66,a,O
66,public,B-NETWORK
66,IPV4,B-PROTOCOL
66,network,O
66,address,O
66,.,O
66,add,O
66,SSH,B-SSH
66,Key-Stream02,I-SSH
66,and,O
66,Firewall-StreamGuard,B-FIREWALL
66,.,O
66,Daily,B-BACKUP
66,backups,O
66,are,O
66,required,O
66,.,O
67,I,O
67,require,O
67,a,O
67,server,O
67,named,O
67,NetSecure,B-SERVER
67,in,O
67,the,O
67,Orion,B-DATACENTER
67,data,I-DATACENTER
67,center,I-DATACENTER
67,with,O
67,a,O
67,Medium,B-PLAN
67,plan,I-PLAN
67,.,O
67,Equip,O
67,it,O
67,with,O
67,6,B-CPU
67,CPU,I-CPU
67,cores,I-CPU
67,16GB,B-RAM
67,RAM,I-RAM
67,a,O
67,90GB,B-DISK
67,SSD,I-DISK
67,and,O
67,ExtraNet90,B-EXTRA_DISK
67,.,O
67,The,O
67,server,O
67,should,O
67,run,O
67,Ubuntu,B-OS
67,18.04,I-OS
67,.,O
67,The,O
67,network,O
67,address,O
67,should,O
67,be,O
67,private,B-NETWORK
67,utilizing,O
67,IPV6,B-PROTOCOL
67,protocol,O
67,.,O
67,Use,O
67,SSH,B-SSH
67,Key-SecureNet,I-SSH
67,and,O
67,Firewall-NetSafe,B-FIREWALL
67,.,O
67,Set,O
67,for,O
67,weekly,B-BACKUP
67,backups,O
67,.,O
68,Create,O
68,a,O
68,DevMonitor,B-SERVER
68,in,O
68,the,O
68,Aldebaran,B-DATACENTER
68,data,I-DATACENTER
68,center,I-DATACENTER
68,under,O
68,a,O
68,Small,B-PLAN
68,plan,I-PLAN
68,.,O
68,It,O
68,needs,O
68,2,B-CPU
68,CPU,I-CPU
68,cores,I-CPU
68,4GB,B-RAM
68,RAM,I-RAM
68,and,O
68,a,O
68,30GB,B-DISK
68,SSD,I-DISK
68,.,O
68,Add,O
68,an,O
68,ExtraMonitor30,B-EXTRA_DISK
68,for,O
68,additional,O
68,storage,O
68,.,O
68,The,O
68,operating,O
68,system,O
68,should,O
68,be,O
68,CentOS,B-OS
68,7,I-OS
68,.,O
68,Ensure,O
68,a,O
68,public,B-NETWORK
68,network,O
68,address,O
68,with,O
68,IPV4,B-PROTOCOL
68,and,O
68,include,O
68,SSH,B-SSH
68,Key-MonitorKey,I-SSH
68,and,O
68,Firewall-DevGuard,B-FIREWALL
68,.,O
68,Opt,O
68,for,O
68,monthly,B-BACKUP
68,backups,O
68,.,O
69,Deploy,O
69,a,O
69,VideoEdit,B-SERVER
69,server,O
69,in,O
69,the,O
69,Procyon,B-DATACENTER
69,data,I-DATACENTER
69,center,I-DATACENTER
69,with,O
69,a,O
69,Large,B-PLAN
69,plan,I-PLAN
69,.,O
69,It,O
69,should,O
69,have,O
69,12,B-CPU
69,CPU,I-CPU
69,cores,I-CPU
69,64GB,B-RAM
69,RAM,I-RAM
69,a,O
69,primary,O
69,250GB,B-DISK
69,SSD,I-DISK
69,and,O
69,ExtraVideo250,B-EXTRA_DISK
69,.,O
69,OS,O
69,Windows,B-OS
69,Server,I-OS
69,2022,I-OS
69,network,O
69,private,B-NETWORK
69,IPV6,B-PROTOCOL
69,.,O
69,add,O
69,SSH,B-SSH
69,Key-EditMaster,I-SSH
69,and,O
69,Firewall-VideoSafe,B-FIREWALL
69,.,O
69,Daily,B-BACKUP
69,backups,O
69,.,O
70,Request,O
70,a,O
70,Medium,B-PLAN
70,AppInterface,B-SERVER
70,server,O
70,in,O
70,the,O
70,Sirius,B-DATACENTER
70,data,I-DATACENTER
70,center,I-DATACENTER
70,.,O
70,Specifications,O
70,5,B-CPU
70,CPU,I-CPU
70,cores,I-CPU
70,10GB,B-RAM
70,RAM,I-RAM
70,60GB,B-DISK
70,SSD,I-DISK
70,and,O
70,ExtraApp60,B-EXTRA_DISK
70,.,O
70,The,O
70,server,O
70,should,O
70,run,O
70,on,O
70,Ubuntu,B-OS
70,20.04,I-OS
70,with,O
70,a,O
70,public,B-NETWORK
70,IPV4,B-PROTOCOL
70,network,O
70,address,O
70,SSH,B-SSH
70,Key-AppAccess,I-SSH
70,and,O
70,Firewall-AppShield,B-FIREWALL
70,.,O
70,Monthly,B-BACKUP
70,backups,O
70,.,O
71,Set,O
71,up,O
71,a,O
71,CloudData,B-SERVER
71,server,O
71,under,O
71,a,O
71,Small,B-PLAN
71,plan,I-PLAN
71,in,O
71,the,O
71,Arcturus,B-DATACENTER
71,data,I-DATACENTER
71,center,I-DATACENTER
71,.,O
71,Require,O
71,3,B-CPU
71,CPU,I-CPU
71,cores,I-CPU
71,6GB,B-RAM
71,RAM,I-RAM
71,and,O
71,a,O
71,35GB,B-DISK
71,SSD,I-DISK
71,along,O
71,with,O
71,ExtraCloud35,B-EXTRA_DISK
71,.,O
71,OS,O
71,preference,O
71,is,O
71,Debian,B-OS
71,10,I-OS
71,with,O
71,a,O
71,private,B-NETWORK
71,IPV6,B-PROTOCOL
71,address,O
71,SSH,B-SSH
71,Key-CloudSecure,I-SSH
71,and,O
71,Firewall-CloudGuard,B-FIREWALL
71,.,O
71,Weekly,B-BACKUP
71,backups,O
71,.,O
72,Establish,O
72,a,O
72,DataModel,B-SERVER
72,server,O
72,in,O
72,the,O
72,Fomalhaut,B-DATACENTER
72,data,I-DATACENTER
72,center,I-DATACENTER
72,with,O
72,a,O
72,Large,B-PLAN
72,plan,I-PLAN
72,.,O
72,It,O
72,needs,O
72,10,B-CPU
72,CPU,I-CPU
72,cores,I-CPU
72,32GB,B-RAM
72,RAM,I-RAM
72,160GB,B-DISK
72,SSD,I-DISK
72,and,O
72,an,O
72,extra,O
72,disk,O
72,ModelExtra160,B-EXTRA_DISK
72,.,O
72,Install,O
72,CentOS,B-OS
72,8,I-OS
72,ensure,O
72,a,O
72,public,B-NETWORK
72,IPV4,B-PROTOCOL
72,network,O
72,address,O
72,secure,O
72,it,O
72,with,O
72,SSH,B-SSH
72,Key-ModelKey,I-SSH
72,and,O
72,Firewall-DataModel,B-FIREWALL
72,.,O
72,Opt,O
72,for,O
72,daily,B-BACKUP
72,backups,O
72,.,O
73,I,O
73,need,O
73,a,O
73,Medium,B-PLAN
73,WebAnalysis,B-SERVER
73,server,O
73,in,O
73,the,O
73,Bellatrix,B-DATACENTER
73,data,I-DATACENTER
73,center,I-DATACENTER
73,.,O
73,It,O
73,should,O
73,have,O
73,4,B-CPU
73,CPU,I-CPU
73,cores,I-CPU
73,8GB,B-RAM
73,RAM,I-RAM
73,a,O
73,50GB,B-DISK
73,SSD,I-DISK
73,and,O
73,ExtraWeb50,B-EXTRA_DISK
73,.,O
73,The,O
73,operating,O
73,system,O
73,should,O
73,be,O
73,Windows,B-OS
73,Server,I-OS
73,2019,I-OS
73,.,O
73,A,O
73,private,B-NETWORK
73,IPV6,B-PROTOCOL
73,network,O
73,address,O
73,is,O
73,required,O
73,along,O
73,with,O
73,SSH,B-SSH
73,Key-WebAnalytic,I-SSH
73,and,O
73,Firewall-WebSecure,B-FIREWALL
73,.,O
73,Monthly,B-BACKUP
73,backups,O
73,.,O
74,Configure,O
74,a,O
74,server,O
74,IoTControl,B-SERVER
74,in,O
74,the,O
74,Pollux,B-DATACENTER
74,data,I-DATACENTER
74,center,I-DATACENTER
74,under,O
74,a,O
74,Small,B-PLAN
74,plan,I-PLAN
74,.,O
74,Specifications,O
74,2,B-CPU
74,CPU,I-CPU
74,cores,I-CPU
74,4GB,B-RAM
74,RAM,I-RAM
74,20GB,B-DISK
74,SSD,I-DISK
74,plus,O
74,ExtraIoT20,B-EXTRA_DISK
74,.,O
74,Use,O
74,Ubuntu,B-OS
74,18.04,I-OS
74,ensure,O
74,a,O
74,public,B-NETWORK
74,IPV4,B-PROTOCOL
74,network,O
74,address,O
74,.,O
74,attach,O
74,SSH,B-SSH
74,Key-IoTMaster,I-SSH
74,and,O
74,equip,O
74,with,O
74,Firewall-IoTShield,B-FIREWALL
74,.,O
74,Weekly,B-BACKUP
74,backups,O
74,.,O
75,Provision,O
75,a,O
75,MediaServer02,B-SERVER
75,in,O
75,the,O
75,Electra,B-DATACENTER
75,data,I-DATACENTER
75,center,I-DATACENTER
75,under,O
75,a,O
75,Large,B-PLAN
75,plan,I-PLAN
75,.,O
75,Requirements,O
75,10,B-CPU
75,CPU,I-CPU
75,cores,I-CPU
75,48GB,B-RAM
75,RAM,I-RAM
75,and,O
75,a,O
75,220GB,B-DISK
75,SSD,I-DISK
75,.,O
75,Add,O
75,an,O
75,ExtraMedia220,B-EXTRA_DISK
75,disk,O
75,.,O
75,Operating,O
75,system,O
75,should,O
75,be,O
75,Windows,B-OS
75,Server,I-OS
75,2019,I-OS
75,with,O
75,a,O
75,public,B-NETWORK
75,IPV6,B-PROTOCOL
75,network,O
75,address,O
75,.,O
75,Include,O
75,SSH,B-SSH
75,Key-Media02,I-SSH
75,and,O
75,Firewall-MediaProtect,B-FIREWALL
75,.,O
75,Schedule,O
75,for,O
75,daily,B-BACKUP
75,backups,O
75,.,O
76,I,O
76,require,O
76,a,O
76,Medium,B-PLAN
76,server,O
76,DataLab,B-SERVER
76,in,O
76,the,O
76,Orion,B-DATACENTER
76,data,I-DATACENTER
76,center,I-DATACENTER
76,.,O
76,Equip,O
76,it,O
76,with,O
76,6,B-CPU
76,CPU,I-CPU
76,cores,I-CPU
76,12GB,B-RAM
76,RAM,I-RAM
76,a,O
76,70GB,B-DISK
76,SSD,I-DISK
76,and,O
76,ExtraLab70,B-EXTRA_DISK
76,.,O
76,The,O
76,server,O
76,should,O
76,run,O
76,on,O
76,CentOS,B-OS
76,8,I-OS
76,.,O
76,Ensure,O
76,a,O
76,private,B-NETWORK
76,network,O
76,address,O
76,using,O
76,IPV4,B-PROTOCOL
76,protocol,O
76,.,O
76,attach,O
76,SSH,B-SSH
76,Key-LabSecure,I-SSH
76,and,O
76,use,O
76,Firewall-LabGate,B-FIREWALL
76,for,O
76,protection,O
76,.,O
76,Opt,O
76,for,O
76,monthly,B-BACKUP
76,backups,O
76,.,O
77,Set,O
77,up,O
77,a,O
77,Small,B-PLAN
77,ComputeEdge,B-SERVER
77,server,O
77,in,O
77,the,O
77,Sirius,B-DATACENTER
77,data,I-DATACENTER
77,center,I-DATACENTER
77,.,O
77,Specifications,O
77,3,B-CPU
77,CPU,I-CPU
77,cores,I-CPU
77,6GB,B-RAM
77,RAM,I-RAM
77,40GB,B-DISK
77,SSD,I-DISK
77,and,O
77,an,O
77,ExtraCompute40,B-EXTRA_DISK
77,.,O
77,The,O
77,operating,O
77,system,O
77,must,O
77,be,O
77,Ubuntu,B-OS
77,20.04,I-OS
77,.,O
77,A,O
77,private,B-NETWORK
77,network,O
77,address,O
77,with,O
77,IPV6,B-PROTOCOL
77,protocol,O
77,is,O
77,preferred,O
77,.,O
77,Secure,O
77,the,O
77,server,O
77,with,O
77,SSH,B-SSH
77,Key-EdgeKey,I-SSH
77,and,O
77,Firewall-ComputeSafe,B-FIREWALL
77,.,O
77,Arrange,O
77,for,O
77,weekly,B-BACKUP
77,backups,O
77,.,O
78,Deploy,O
78,a,O
78,FileStorage,B-SERVER
78,server,O
78,with,O
78,a,O
78,Medium,B-PLAN
78,plan,I-PLAN
78,in,O
78,the,O
78,Vega,B-DATACENTER
78,data,I-DATACENTER
78,center,I-DATACENTER
78,.,O
78,It,O
78,needs,O
78,at,O
78,least,O
78,5,B-CPU
78,CPU,I-CPU
78,cores,I-CPU
78,10GB,B-RAM
78,RAM,I-RAM
78,and,O
78,a,O
78,primary,O
78,disk,O
78,of,O
78,60GB,B-DISK
78,SSD,I-DISK
78,.,O
78,Add,O
78,an,O
78,ExtraFile60,B-EXTRA_DISK
78,disk,O
78,for,O
78,backup,O
78,storage,O
78,.,O
78,The,O
78,operating,O
78,system,O
78,should,O
78,be,O
78,Debian,B-OS
78,10,I-OS
78,.,O
78,The,O
78,server's,O
78,network,O
78,address,O
78,needs,O
78,to,O
78,be,O
78,public,B-NETWORK
78,utilizing,O
78,IPV4,B-PROTOCOL
78,.,O
78,Attach,O
78,SSH,B-SSH
78,Key-StorageAccess,I-SSH
78,and,O
78,secure,O
78,it,O
78,with,O
78,Firewall-FileGuard,B-FIREWALL
78,.,O
78,Set,O
78,for,O
78,weekly,B-BACKUP
78,backups,O
78,.,O
79,Establish,O
79,a,O
79,WebDev02,B-SERVER
79,server,O
79,under,O
79,a,O
79,Large,B-PLAN
79,plan,I-PLAN
79,in,O
79,the,O
79,Rigel,B-DATACENTER
79,data,I-DATACENTER
79,center,I-DATACENTER
79,.,O
79,Specifications,O
79,12,B-CPU
79,CPU,I-CPU
79,cores,I-CPU
79,64GB,B-RAM
79,RAM,I-RAM
79,250GB,B-DISK
79,SSD,I-DISK
79,plus,O
79,an,O
79,ExtraWeb250,B-EXTRA_DISK
79,disk,O
79,.,O
79,Use,O
79,Ubuntu,B-OS
79,18.04,I-OS
79,for,O
79,the,O
79,OS,O
79,a,O
79,private,B-NETWORK
79,IPV6,B-PROTOCOL
79,network,O
79,address,O
79,SSH,B-SSH
79,Key-Dev02,I-SSH
79,and,O
79,Firewall-WebDefender,B-FIREWALL
79,.,O
79,Daily,B-BACKUP
79,backups,O
79,are,O
79,required,O
79,.,O
80,Request,O
80,a,O
80,Medium,B-PLAN
80,AppServer03,B-SERVER
80,in,O
80,the,O
80,Polaris,B-DATACENTER
80,data,I-DATACENTER
80,center,I-DATACENTER
80,.,O
80,Equip,O
80,it,O
80,with,O
80,4,B-CPU
80,CPU,I-CPU
80,cores,I-CPU
80,8GB,B-RAM
80,RAM,I-RAM
80,a,O
80,50GB,B-DISK
80,SSD,I-DISK
80,and,O
80,an,O
80,ExtraApp50,B-EXTRA_DISK
80,.,O
80,The,O
80,system,O
80,should,O
80,run,O
80,Windows,B-OS
80,Server,I-OS
80,2016,I-OS
80,.,O
80,Ensure,O
80,a,O
80,public,B-NETWORK
80,network,O
80,address,O
80,using,O
80,the,O
80,IPV6,B-PROTOCOL
80,protocol,O
80,.,O
80,Use,O
80,SSH,B-SSH
80,Key-App03,I-SSH
80,and,O
80,Firewall-AppSafe,B-FIREWALL
80,for,O
80,security,O
80,.,O
80,Monthly,B-BACKUP
80,backups,O
80,.,O
81,Provision,O
81,a,O
81,TestEnv,B-SERVER
81,server,O
81,in,O
81,the,O
81,Capella,B-DATACENTER
81,data,I-DATACENTER
81,center,I-DATACENTER
81,under,O
81,a,O
81,Small,B-PLAN
81,plan,I-PLAN
81,.,O
81,It,O
81,should,O
81,have,O
81,2,B-CPU
81,CPU,I-CPU
81,cores,I-CPU
81,4GB,B-RAM
81,RAM,I-RAM
81,and,O
81,a,O
81,25GB,B-DISK
81,SSD,I-DISK
81,.,O
81,Attach,O
81,ExtraTest25,B-EXTRA_DISK
81,for,O
81,additional,O
81,space,O
81,.,O
81,The,O
81,operating,O
81,system,O
81,should,O
81,be,O
81,CentOS,B-OS
81,7,I-OS
81,.,O
81,The,O
81,network,O
81,address,O
81,should,O
81,be,O
81,public,B-NETWORK
81,using,O
81,IPV4,B-PROTOCOL
81,protocol,O
81,.,O
81,Include,O
81,SSH,B-SSH
81,Key-TestSecure,I-SSH
81,and,O
81,Firewall-TestGate,B-FIREWALL
81,for,O
81,security,O
81,.,O
81,Weekly,B-BACKUP
81,backups,O
81,are,O
81,preferred,O
81,.,O
82,Set,O
82,up,O
82,a,O
82,DataProcess,B-SERVER
82,server,O
82,in,O
82,the,O
82,Deneb,B-DATACENTER
82,data,I-DATACENTER
82,center,I-DATACENTER
82,with,O
82,a,O
82,Large,B-PLAN
82,plan,I-PLAN
82,.,O
82,The,O
82,server,O
82,must,O
82,feature,O
82,10,B-CPU
82,CPU,I-CPU
82,cores,I-CPU
82,32GB,B-RAM
82,RAM,I-RAM
82,a,O
82,primary,O
82,150GB,B-DISK
82,SSD,I-DISK
82,and,O
82,an,O
82,ExtraData150,B-EXTRA_DISK
82,.,O
82,Install,O
82,Debian,B-OS
82,9,I-OS
82,ensure,O
82,a,O
82,private,B-NETWORK
82,IPV6,B-PROTOCOL
82,network,O
82,address,O
82,SSH,B-SSH
82,Key-ProcessKey,I-SSH
82,and,O
82,Firewall-DataProtect,B-FIREWALL
82,.,O
82,Opt,O
82,for,O
82,daily,B-BACKUP
82,backups,O
82,.,O
83,Deploy,O
83,a,O
83,Small,B-PLAN
83,plan,I-PLAN
83,AnalyticsEdge,B-SERVER
83,server,O
83,in,O
83,the,O
83,Betelgeuse,B-DATACENTER
83,data,I-DATACENTER
83,center,I-DATACENTER
83,.,O
83,Specifications,O
83,3,B-CPU
83,CPU,I-CPU
83,cores,I-CPU
83,6GB,B-RAM
83,RAM,I-RAM
83,35GB,B-DISK
83,SSD,I-DISK
83,and,O
83,an,O
83,ExtraAnalytics35,B-EXTRA_DISK
83,.,O
83,Preferred,O
83,OS,O
83,is,O
83,Ubuntu,B-OS
83,20.04,I-OS
83,with,O
83,a,O
83,public,B-NETWORK
83,IPV6,B-PROTOCOL
83,network,O
83,address,O
83,.,O
83,Include,O
83,SSH,B-SSH
83,Key-EdgeAnalytic,I-SSH
83,and,O
83,Firewall-AnalyticsSafe,B-FIREWALL
83,.,O
83,Schedule,O
83,weekly,B-BACKUP
83,backups,O
83,.,O
84,Create,O
84,a,O
84,CloudSync,B-SERVER
84,server,O
84,under,O
84,a,O
84,Medium,B-PLAN
84,plan,I-PLAN
84,in,O
84,the,O
84,Antares,B-DATACENTER
84,data,I-DATACENTER
84,center,I-DATACENTER
84,.,O
84,It,O
84,needs,O
84,5,B-CPU
84,CPU,I-CPU
84,cores,I-CPU
84,12GB,B-RAM
84,RAM,I-RAM
84,a,O
84,70GB,B-DISK
84,SSD,I-DISK
84,and,O
84,an,O
84,ExtraCloud70,B-EXTRA_DISK
84,disk,O
84,.,O
84,The,O
84,server,O
84,should,O
84,run,O
84,on,O
84,Windows,B-OS
84,Server,I-OS
84,2022,I-OS
84,.,O
84,A,O
84,private,B-NETWORK
84,network,O
84,address,O
84,using,O
84,IPV4,B-PROTOCOL
84,is,O
84,necessary,O
84,along,O
84,with,O
84,SSH,B-SSH
84,Key-CloudSync,I-SSH
84,and,O
84,Firewall-CloudGuard,B-FIREWALL
84,.,O
84,Arrange,O
84,for,O
84,monthly,B-BACKUP
84,backups,O
84,.,O
85,Establish,O
85,a,O
85,NetworkHub,B-SERVER
85,server,O
85,in,O
85,the,O
85,Spica,B-DATACENTER
85,data,I-DATACENTER
85,center,I-DATACENTER
85,with,O
85,a,O
85,Large,B-PLAN
85,plan,I-PLAN
85,.,O
85,It,O
85,should,O
85,have,O
85,12,B-CPU
85,CPU,I-CPU
85,cores,I-CPU
85,48GB,B-RAM
85,RAM,I-RAM
85,a,O
85,primary,O
85,180GB,B-DISK
85,SSD,I-DISK
85,and,O
85,an,O
85,additional,O
85,disk,O
85,NetworkExtra180,B-EXTRA_DISK
85,.,O
85,Install,O
85,CentOS,B-OS
85,8,I-OS
85,ensure,O
85,a,O
85,public,B-NETWORK
85,IPV4,B-PROTOCOL
85,network,O
85,address,O
85,SSH,B-SSH
85,Key-HubNet,I-SSH
85,and,O
85,Firewall-NetworkSafe,B-FIREWALL
85,.,O
85,Daily,B-BACKUP
85,backups,O
85,are,O
85,required,O
85,.,O
86,I,O
86,require,O
86,a,O
86,server,O
86,named,O
86,CodeBuild02,B-SERVER
86,in,O
86,the,O
86,Orion,B-DATACENTER
86,data,I-DATACENTER
86,center,I-DATACENTER
86,with,O
86,a,O
86,Medium,B-PLAN
86,plan,I-PLAN
86,.,O
86,Equip,O
86,it,O
86,with,O
86,6,B-CPU
86,CPU,I-CPU
86,cores,I-CPU
86,16GB,B-RAM
86,RAM,I-RAM
86,a,O
86,80GB,B-DISK
86,SSD,I-DISK
86,and,O
86,ExtraBuild80,B-EXTRA_DISK
86,.,O
86,The,O
86,server,O
86,should,O
86,run,O
86,Ubuntu,B-OS
86,18.04,I-OS
86,.,O
86,The,O
86,network,O
86,address,O
86,should,O
86,be,O
86,private,B-NETWORK
86,utilizing,O
86,IPV6,B-PROTOCOL
86,protocol,O
86,.,O
86,Use,O
86,SSH,B-SSH
86,Key-Build02,I-SSH
86,and,O
86,Firewall-CodeProtect,B-FIREWALL
86,.,O
86,Set,O
86,for,O
86,weekly,B-BACKUP
86,backups,O
86,.,O
87,Create,O
87,a,O
87,MediaEdit,B-SERVER
87,in,O
87,the,O
87,Aldebaran,B-DATACENTER
87,data,I-DATACENTER
87,center,I-DATACENTER
87,under,O
87,a,O
87,Small,B-PLAN
87,plan,I-PLAN
87,.,O
87,It,O
87,needs,O
87,2,B-CPU
87,CPU,I-CPU
87,cores,I-CPU
87,four,B-RAM
87,gigabytes,I-RAM
87,RAM,I-RAM
87,and,O
87,a,O
87,30,B-DISK
87,GB,I-DISK
87,SSD,I-DISK
87,.,O
87,Add,O
87,an,O
87,ExtraMedia30,B-EXTRA_DISK
87,for,O
87,additional,O
87,storage,O
87,.,O
87,The,O
87,operating,O
87,system,O
87,should,O
87,be,O
87,Debian,B-OS
87,11,I-OS
87,.,O
87,Ensure,O
87,a,O
87,public,B-NETWORK
87,network,O
87,address,O
87,with,O
87,IPV4,B-PROTOCOL
87,and,O
87,include,O
87,SSH,B-SSH
87,Key-EditAccess,I-SSH
87,and,O
87,Firewall-MediaSafe,B-FIREWALL
87,.,O
87,Opt,O
87,for,O
87,monthly,B-BACKUP
87,backups,O
87,.,O
88,Deploy,O
88,a,O
88,VirtualHost,B-SERVER
88,server,O
88,in,O
88,the,O
88,Novin,B-DATACENTER
88,data,I-DATACENTER
88,center,I-DATACENTER
88,with,O
88,a,O
88,Large,B-PLAN
88,plan,I-PLAN
88,.,O
88,It,O
88,should,O
88,have,O
88,10,B-CPU
88,CPU,I-CPU
88,cores,I-CPU
88,two,B-RAM
88,gigabytes,I-RAM
88,RAM,I-RAM
88,a,O
88,250,B-DISK
88,gigabyte,I-DISK
88,SSD,I-DISK
88,and,O
88,ExtraVirtual250,B-EXTRA_DISK
88,.,O
88,OS,O
88,Debian,B-OS
88,10,I-OS
88,network,O
88,private,B-NETWORK
88,IPV6,B-PROTOCOL
88,SSH,B-SSH
88,Key-VirtualKey,I-SSH
88,and,O
88,Firewall-HostGuard,B-FIREWALL
88,.,O
88,Daily,B-BACKUP
88,backups,O
88,.,O
89,Request,O
89,a,O
89,Medium,B-PLAN
89,AppDesign,B-SERVER
89,server,O
89,in,O
89,the,O
89,Sirius,B-DATACENTER
89,data,I-DATACENTER
89,center,I-DATACENTER
89,.,O
89,Specifications,O
89,6,B-CPU
89,CPU,I-CPU
89,cores,I-CPU
89,fifteen,B-RAM
89,GB,I-RAM
89,RAM,I-RAM
89,60GB,B-DISK
89,SSD,I-DISK
89,and,O
89,ExtraDesign60,B-EXTRA_DISK
89,.,O
89,The,O
89,server,O
89,should,O
89,run,O
89,on,O
89,Ubuntu,B-OS
89,20.04,I-OS
89,with,O
89,a,O
89,public,B-NETWORK
89,IPV4,B-PROTOCOL
89,network,O
89,address,O
89,SSH,B-SSH
89,Key-DesignMaster,I-SSH
89,and,O
89,Firewall-AppShield,B-FIREWALL
89,.,O
89,Monthly,B-BACKUP
89,backups,O
89,.,O
90,Set,O
90,up,O
90,a,O
90,CloudCompute02,B-SERVER
90,server,O
90,under,O
90,a,O
90,Small,B-PLAN
90,plan,I-PLAN
90,in,O
90,the,O
90,Novin,B-DATACENTER
90,data,I-DATACENTER
90,center,I-DATACENTER
90,.,O
90,Require,O
90,3,B-CPU
90,CPU,I-CPU
90,cores,I-CPU
90,six,B-RAM
90,GB,I-RAM
90,RAM,I-RAM
90,and,O
90,a,O
90,40,B-DISK
90,gigabyte,I-DISK
90,SSD,I-DISK
90,along,O
90,with,O
90,ExtraCloud40,B-EXTRA_DISK
90,.,O
90,OS,O
90,preference,O
90,is,O
90,Windows,B-OS
90,Server,I-OS
90,2019,I-OS
90,with,O
90,a,O
90,private,B-NETWORK
90,IPV6,B-PROTOCOL
90,address,O
90,SSH,B-SSH
90,Key-Compute02,I-SSH
90,and,O
90,Firewall-CloudGate,B-FIREWALL
90,.,O
90,Weekly,B-BACKUP
90,backups,O
90,.,O
91,Establish,O
91,a,O
91,DataFlow02,B-SERVER
91,server,O
91,in,O
91,the,O
91,Fomalhaut,B-DATACENTER
91,data,I-DATACENTER
91,center,I-DATACENTER
91,with,O
91,a,O
91,Large,B-PLAN
91,plan,I-PLAN
91,.,O
91,It,O
91,needs,O
91,8,B-CPU
91,cores,I-CPU
91,CPUs,O
91,two,B-RAM
91,GB,I-RAM
91,RAMs,I-RAM
91,160,B-DISK
91,GB,I-DISK
91,SSD,I-DISK
91,and,O
91,an,O
91,extra,O
91,disk,O
91,FlowExtra160,B-EXTRA_DISK
91,.,O
91,Install,O
91,Ubuntu,B-OS
91,18.04,I-OS
91,ensure,O
91,a,O
91,public,B-NETWORK
91,IPV4,B-PROTOCOL
91,network,O
91,address,O
91,and,O
91,secure,O
91,it,O
91,with,O
91,SSH,B-SSH
91,Key-DataFlow,I-SSH
91,and,O
91,Firewall-FlowSafe,B-FIREWALL
91,.,O
91,Opt,O
91,for,O
91,daily,B-BACKUP
91,backups,O
91,.,O
92,I,O
92,need,O
92,a,O
92,Medium,B-PLAN
92,WebNode,B-SERVER
92,server,O
92,in,O
92,the,O
92,Bellatrix,B-DATACENTER
92,data,I-DATACENTER
92,center,I-DATACENTER
92,.,O
92,It,O
92,should,O
92,have,O
92,4,B-CPU
92,CPU,I-CPU
92,cores,I-CPU
92,8GB,B-RAM
92,RAM,I-RAM
92,a,O
92,55GB,B-DISK
92,SSD,I-DISK
92,and,O
92,ExtraWeb55,B-EXTRA_DISK
92,.,O
92,The,O
92,operating,O
92,system,O
92,should,O
92,be,O
92,CentOS,B-OS
92,8,I-OS
92,.,O
92,A,O
92,private,B-NETWORK
92,IPV6,B-PROTOCOL
92,network,O
92,address,O
92,is,O
92,required,O
92,along,O
92,with,O
92,SSH,B-SSH
92,Key-WebNode,I-SSH
92,and,O
92,Firewall-WebNet,B-FIREWALL
92,.,O
92,Monthly,B-BACKUP
92,backups,O
92,.,O
93,Configure,O
93,a,O
93,server,O
93,IoTManager,B-SERVER
93,in,O
93,the,O
93,Pollux,B-DATACENTER
93,data,I-DATACENTER
93,center,I-DATACENTER
93,under,O
93,a,O
93,Small,B-PLAN
93,plan,I-PLAN
93,.,O
93,Specifications,O
93,2,B-CPU
93,CPU,I-CPU
93,cores,I-CPU
93,4GB,B-RAM
93,RAM,I-RAM
93,25GB,B-DISK
93,SSD,I-DISK
93,plus,O
93,ExtraIoT25,B-EXTRA_DISK
93,.,O
93,Use,O
93,Windows,B-OS
93,Server,I-OS
93,2022,I-OS
93,ensure,O
93,a,O
93,public,B-NETWORK
93,IPV4,B-PROTOCOL
93,network,O
93,address,O
93,.,O
93,attach,O
93,SSH,B-SSH
93,Key-IoTManage,I-SSH
93,and,O
93,equip,O
93,with,O
93,Firewall-IoTSafe,B-FIREWALL
93,.,O
93,Weekly,B-BACKUP
93,backups,O
93,.,O
94,Deploy,O
94,a,O
94,FileManager,B-SERVER
94,server,O
94,with,O
94,a,O
94,Medium,B-PLAN
94,plan,I-PLAN
94,in,O
94,the,O
94,Altair,B-DATACENTER
94,data,I-DATACENTER
94,center,I-DATACENTER
94,.,O
94,It,O
94,should,O
94,include,O
94,5,B-CPU
94,CPU,I-CPU
94,cores,I-CPU
94,10GB,B-RAM
94,RAM,I-RAM
94,a,O
94,65GB,B-DISK
94,SSD,I-DISK
94,and,O
94,an,O
94,ExtraFile65,B-EXTRA_DISK
94,.,O
94,Operating,O
94,system,O
94,CentOS,B-OS
94,7,I-OS
94,network,O
94,private,B-NETWORK
94,IPV6,B-PROTOCOL
94,SSH,B-SSH
94,Key-FileMaster,I-SSH
94,and,O
94,Firewall-FileManager,B-FIREWALL
94,.,O
94,Monthly,B-BACKUP
94,backups,O
94,.,O
95,Request,O
95,a,O
95,Large,B-PLAN
95,StreamMaster,B-SERVER
95,server,O
95,in,O
95,the,O
95,Mizar,B-DATACENTER
95,data,I-DATACENTER
95,center,I-DATACENTER
95,.,O
95,Specifications,O
95,12,B-CPU
95,CPU,I-CPU
95,cores,I-CPU
95,64GB,B-RAM
95,RAM,I-RAM
95,240GB,B-DISK
95,SSD,I-DISK
95,and,O
95,ExtraStream240,B-EXTRA_DISK
95,.,O
95,Install,O
95,Ubuntu,B-OS
95,20.04,I-OS
95,ensure,O
95,a,O
95,private,B-NETWORK
95,IPV6,B-PROTOCOL
95,network,O
95,address,O
95,SSH,B-SSH
95,Key-StreamSecure,I-SSH
95,and,O
95,Firewall-StreamGuard,B-FIREWALL
95,.,O
95,Daily,B-BACKUP
95,backups,O
95,are,O
95,needed,O
95,.,O
96,Set,O
96,up,O
96,a,O
96,Medium,B-PLAN
96,DevOpsHub,B-SERVER
96,server,O
96,in,O
96,the,O
96,Thuban,B-DATACENTER
96,data,I-DATACENTER
96,center,I-DATACENTER
96,.,O
96,It,O
96,should,O
96,have,O
96,6,B-CPU
96,CPU,I-CPU
96,cores,I-CPU
96,16GB,B-RAM
96,RAM,I-RAM
96,an,O
96,80GB,B-DISK
96,SSD,I-DISK
96,and,O
96,an,O
96,extra,O
96,disk,O
96,DevOpsExtra80,B-EXTRA_DISK
96,.,O
96,Operating,O
96,system,O
96,preference,O
96,is,O
96,CentOS,B-OS
96,8,I-OS
96,with,O
96,a,O
96,public,B-NETWORK
96,IPV4,B-PROTOCOL
96,network,O
96,address,O
96,.,O
96,Include,O
96,SSH,B-SSH
96,Key-DevOpsKey,I-SSH
96,and,O
96,Firewall-DevOpsSafe,B-FIREWALL
96,.,O
96,Schedule,O
96,monthly,B-BACKUP
96,backups,O
96,.,O
97,Deploy,O
97,a,O
97,Small,B-PLAN
97,AnalyticsNode,B-SERVER
97,server,O
97,in,O
97,the,O
97,Alcor,B-DATACENTER
97,data,I-DATACENTER
97,center,I-DATACENTER
97,.,O
97,Specifications,O
97,3,B-CPU
97,CPU,I-CPU
97,cores,I-CPU
97,6GB,B-RAM
97,RAM,I-RAM
97,35GB,B-DISK
97,SSD,I-DISK
97,and,O
97,ExtraAnalytics35,B-EXTRA_DISK
97,.,O
97,The,O
97,operating,O
97,system,O
97,should,O
97,be,O
97,Debian,B-OS
97,10,I-OS
97,with,O
97,a,O
97,private,B-NETWORK
97,IPV6,B-PROTOCOL
97,network,O
97,address,O
97,.,O
97,Secure,O
97,it,O
97,with,O
97,SSH,B-SSH
97,Key-AnalyticsAccess,I-SSH
97,and,O
97,Firewall-AnalyticProtect,B-FIREWALL
97,.,O
97,Weekly,B-BACKUP
97,backups,O
97,.,O
98,Provision,O
98,a,O
98,DataVault,B-SERVER
98,server,O
98,under,O
98,a,O
98,Large,B-PLAN
98,plan,I-PLAN
98,in,O
98,the,O
98,Merak,B-DATACENTER
98,data,I-DATACENTER
98,center,I-DATACENTER
98,.,O
98,Requirements,O
98,10,B-CPU
98,CPU,I-CPU
98,cores,I-CPU
98,48GB,B-RAM
98,RAM,I-RAM
98,and,O
98,a,O
98,200GB,B-DISK
98,SSD,I-DISK
98,.,O
98,Add,O
98,ExtraDataVault200,B-EXTRA_DISK
98,for,O
98,additional,O
98,storage,O
98,.,O
98,Preferred,O
98,OS,O
98,is,O
98,Windows,B-OS
98,Server,I-OS
98,2019,I-OS
98,with,O
98,a,O
98,public,B-NETWORK
98,IPV6,B-PROTOCOL
98,address,O
98,.,O
98,Use,O
98,SSH,B-SSH
98,Key-VaultKey,I-SSH
98,and,O
98,Firewall-DataGate,B-FIREWALL
98,for,O
98,security,O
98,.,O
98,Opt,O
98,for,O
98,daily,B-BACKUP
98,backups,O
98,.,O
99,Establish,O
99,a,O
99,Medium,B-PLAN
99,CloudBuilder,B-SERVER
99,server,O
99,in,O
99,the,O
99,Dubhe,B-DATACENTER
99,data,I-DATACENTER
99,center,I-DATACENTER
99,.,O
99,It,O
99,should,O
99,feature,O
99,5,B-CPU
99,CPU,I-CPU
99,cores,I-CPU
99,12GB,B-RAM
99,RAM,I-RAM
99,a,O
99,70GB,B-DISK
99,SSD,I-DISK
99,and,O
99,an,O
99,ExtraCloud70,B-EXTRA_DISK
99,disk,O
99,.,O
99,Install,O
99,Ubuntu,B-OS
99,18.04,I-OS
99,with,O
99,a,O
99,private,B-NETWORK
99,IPV4,B-PROTOCOL
99,network,O
99,address,O
99,SSH,B-SSH
99,Key-CloudBuild,I-SSH
99,and,O
99,Firewall-CloudBarrier,B-FIREWALL
99,.,O
99,Monthly,B-BACKUP
99,backups,O
99,are,O
99,required,O
99,.,O
100,Request,O
100,a,O
100,RenderNode01,B-SERVER
100,server,O
100,in,O
100,the,O
100,Phecda,B-DATACENTER
100,data,I-DATACENTER
100,center,I-DATACENTER
100,under,O
100,a,O
100,Small,B-PLAN
100,plan,I-PLAN
100,.,O
100,Specifications,O
100,4,B-CPU
100,CPU,I-CPU
100,cores,I-CPU
100,8GB,B-RAM
100,RAM,I-RAM
100,40GB,B-DISK
100,SSD,I-DISK
100,plus,O
100,ExtraRender40,B-EXTRA_DISK
100,.,O
100,Use,O
100,Debian,B-OS
100,9,I-OS
100,ensure,O
100,a,O
100,public,B-NETWORK
100,IPV4,B-PROTOCOL
100,network,O
100,address,O
100,SSH,B-SSH
100,Key-Render01,I-SSH
100,and,O
100,Firewall-RenderGate,B-FIREWALL
100,.,O
100,Weekly,B-BACKUP
100,backups,O
100,.,O
101,Set,O
101,up,O
101,a,O
101,Large,B-PLAN
101,DatabaseCore,B-SERVER
101,server,O
101,in,O
101,the,O
101,Megrez,B-DATACENTER
101,data,I-DATACENTER
101,center,I-DATACENTER
101,.,O
101,It,O
101,must,O
101,have,O
101,12,B-CPU
101,CPU,I-CPU
101,cores,I-CPU
101,64GB,B-RAM
101,RAM,I-RAM
101,a,O
101,primary,O
101,250GB,B-DISK
101,SSD,I-DISK
101,and,O
101,ExtraDatabase250,B-EXTRA_DISK
101,.,O
101,Operating,O
101,system,O
101,CentOS,B-OS
101,7,I-OS
101,network,O
101,private,B-NETWORK
101,IPV6,B-PROTOCOL
101,SSH,B-SSH
101,Key-DBCore,I-SSH
101,and,O
101,Firewall-DataCoreShield,B-FIREWALL
101,.,O
101,Daily,B-BACKUP
101,backups,O
101,are,O
101,necessary,O
101,.,O
102,Configure,O
102,a,O
102,Medium,B-PLAN
102,WebScale,B-SERVER
102,server,O
102,in,O
102,the,O
102,Alioth,B-DATACENTER
102,data,I-DATACENTER
102,center,I-DATACENTER
102,.,O
102,Include,O
102,6,B-CPU
102,CPU,I-CPU
102,cores,I-CPU
102,16GB,B-RAM
102,RAM,I-RAM
102,90GB,B-DISK
102,SSD,I-DISK
102,and,O
102,an,O
102,ExtraWeb90,B-EXTRA_DISK
102,.,O
102,Preferred,O
102,OS,O
102,is,O
102,Windows,B-OS
102,Server,I-OS
102,2016,I-OS
102,with,O
102,a,O
102,public,B-NETWORK
102,IPV4,B-PROTOCOL
102,network,O
102,address,O
102,SSH,B-SSH
102,Key-WebScaleAccess,I-SSH
102,and,O
102,Firewall-WebGuard,B-FIREWALL
102,.,O
102,Opt,O
102,for,O
102,monthly,B-BACKUP
102,backups,O
102,.,O
103,preferred,O
103,operating,O
103,system,O
103,is,O
103,Ubuntu,B-OS
103,20.04,I-OS
103,The,O
103,network,O
103,address,O
103,should,O
103,be,O
103,private,B-NETWORK
103,using,O
103,IPV4,B-PROTOCOL
103,protocol,I-PROTOCOL
103,Security,O
103,is,O
103,crucial,O
103,so,O
103,please,O
103,include,O
103,SecureGate,B-FIREWALL
103,firewall,O
103,and,O
103,add,O
103,SSH,B-SSH
103,Key-A1,I-SSH
103,Backup,O
103,should,O
103,be,O
103,scheduled,O
103,weekly,B-BACKUP
104,I'm,O
104,looking,O
104,to,O
104,set,O
104,up,O
104,a,O
104,server,O
104,named,O
104,Analytics01,B-SERVER
104,in,O
104,the,O
104,Hyperion,B-DATACENTER
104,data,I-DATACENTER
104,center,I-DATACENTER
104,The,O
104,server,O
104,should,O
104,have,O
104,a,O
104,Medium,B-PLAN
104,plan,I-PLAN
104,with,O
104,at,O
104,least,O
104,6,B-CPU
104,CPU,I-CPU
104,cores,I-CPU
104,and,O
104,16GB,B-RAM
104,of,I-RAM
104,RAM,I-RAM
104,For,O
104,storage,O
104,a,O
104,40GB,B-DISK
104,SSD,I-DISK
104,will,O
104,suffice,O
104,plus,O
104,an,O
104,extra,O
104,disk,O
104,StoragePlus40,B-EXTRA_DISK
104,for,O
104,additional,O
104,space,O
104,The,O
104,preferred,O
104,operating,O
104,system,O
104,is,O
104,Ubuntu,B-OS
104,20.04,I-OS
104,The,O
104,network,O
104,address,O
104,should,O
104,be,O
104,private,B-NETWORK
104,using,O
104,IPV4,B-PROTOCOL
104,protocol,I-PROTOCOL
104,Security,O
104,is,O
104,crucial,O
104,so,O
104,please,O
104,include,O
104,SecureGate,B-FIREWALL
104,firewall,O
104,and,O
104,add,O
104,SSH,B-SSH
104,Key-A1,I-SSH
104,Backup,O
104,should,O
104,be,O
104,scheduled,O
104,weekly,B-BACKUP
105,preferred,O
105,operating,O
105,system,O
105,is,O
105,Ubuntu,B-OS
105,20.04,I-OS
105,The,O
105,network,O
105,address,O
105,should,O
105,be,O
105,private,B-NETWORK
105,using,O
105,IPV6,B-PROTOCOL
105,protocol,I-PROTOCOL
105,Security,O
105,is,O
105,crucial,O
105,so,O
105,please,O
105,include,O
105,SecureGate,B-FIREWALL
105,firewall,O
105,and,O
105,add,O
105,SSH,B-SSH
105,Key-A1,I-SSH
105,Backup,O
105,should,O
105,be,O
105,scheduled,O
105,daily,B-BACKUP
106,preferred,O
106,operating,O
106,system,O
106,is,O
106,Ubuntu,B-OS
106,20.04,I-OS
106,The,O
106,network,O
106,address,O
106,should,O
106,be,O
106,public,B-NETWORK
106,using,O
106,IPV4,B-PROTOCOL
106,protocol,I-PROTOCOL
106,Security,O
106,is,O
106,crucial,O
106,so,O
106,please,O
106,include,O
106,SecureGate,B-FIREWALL
106,firewall,O
106,and,O
106,add,O
106,SSH,B-SSH
106,Key-A1,I-SSH
106,Backup,O
106,should,O
106,be,O
106,scheduled,O
106,weekly,B-BACKUP
107,I'm,O
107,looking,O
107,to,O
107,set,O
107,up,O
107,a,O
107,server,O
107,named,O
107,Analytics01,B-SERVER
107,in,O
107,the,O
107,Hyperion,B-DATACENTER
107,data,I-DATACENTER
107,center,I-DATACENTER
107,The,O
107,server,O
107,should,O
107,have,O
107,a,O
107,Medium,B-PLAN
107,plan,I-PLAN
107,with,O
107,at,O
107,least,O
107,6,B-CPU
107,CPU,I-CPU
107,cores,I-CPU
107,and,O
107,16GB,B-RAM
107,of,I-RAM
107,RAM,I-RAM
107,For,O
107,storage,O
107,a,O
107,40GB,B-DISK
107,SSD,I-DISK
107,will,O
107,suffice,O
107,plus,O
107,an,O
107,extra,O
107,disk,O
107,StoragePlus40,B-EXTRA_DISK
107,for,O
107,additional,O
107,space,O
107,The,O
107,preferred,O
107,operating,O
107,system,O
107,is,O
107,Windows,B-OS
107,10,I-OS
107,The,O
107,network,O
107,address,O
107,should,O
107,be,O
107,private,B-NETWORK
107,using,O
107,IPV4,B-PROTOCOL
107,protocol,I-PROTOCOL
107,Security,O
107,is,O
107,crucial,O
107,so,O
107,please,O
107,include,O
107,SecureGate,B-FIREWALL
107,firewall,O
107,and,O
107,add,O
107,SSH,B-SSH
107,Key-B1,I-SSH
107,Backup,O
107,should,O
107,be,O
107,scheduled,O
107,yearly,B-BACKUP
108,I'm,O
108,looking,O
108,to,O
108,set,O
108,up,O
108,a,O
108,server,O
108,named,O
108,Analytics01,B-SERVER
108,in,O
108,the,O
108,Novin,B-DATACENTER
108,data,I-DATACENTER
108,center,I-DATACENTER
108,The,O
108,server,O
108,should,O
108,have,O
108,a,O
108,Small,B-PLAN
108,plan,I-PLAN
108,with,O
108,at,O
108,least,O
108,6,B-CPU
108,CPU,I-CPU
108,cores,I-CPU
108,and,O
108,16GB,B-RAM
108,of,I-RAM
108,RAM,I-RAM
108,For,O
108,storage,O
108,a,O
108,40GB,B-DISK
108,SSD,I-DISK
108,will,O
108,suffice,O
108,plus,O
108,an,O
108,extra,O
108,disk,O
108,StoragePlus40,B-EXTRA_DISK
108,for,O
108,additional,O
108,space,O
108,The,O
108,preferred,O
108,operating,O
108,system,O
108,is,O
108,Windows,B-OS
108,10,I-OS
108,The,O
108,network,O
108,address,O
108,should,O
108,be,O
108,private,B-NETWORK
108,using,O
108,IPV4,B-PROTOCOL
108,protocol,I-PROTOCOL
108,Security,O
108,is,O
108,crucial,O
108,so,O
108,please,O
108,include,O
108,SecureGate,B-FIREWALL
108,firewall,O
108,and,O
108,add,O
108,SSH,B-SSH
108,Key-B1,I-SSH
108,Backup,O
108,should,O
108,be,O
108,scheduled,O
108,yearly,B-BACKUP
109,I'm,O
109,looking,O
109,to,O
109,set,O
109,up,O
109,a,O
109,server,O
109,named,O
109,web02,B-SERVER
109,in,O
109,the,O
109,Atlas,B-DATACENTER
109,data,I-DATACENTER
109,center,I-DATACENTER
109,The,O
109,server,O
109,should,O
109,have,O
109,a,O
109,Large,B-PLAN
109,plan,I-PLAN
109,with,O
109,at,O
109,least,O
109,4,B-CPU
109,CPU,I-CPU
109,cores,I-CPU
109,and,O
109,16GB,B-RAM
109,of,I-RAM
109,RAM,I-RAM
109,For,O
109,storage,O
109,a,O
109,30GB,B-DISK
109,SSD,I-DISK
109,will,O
109,suffice,O
109,plus,O
109,an,O
109,extra,O
109,disk,O
109,StoragePlus40,B-EXTRA_DISK
109,for,O
109,additional,O
109,space,O
109,The,O
109,preferred,O
109,operating,O
109,system,O
109,is,O
109,Debian,B-OS
109,20.04,I-OS
109,The,O
109,network,O
109,address,O
109,should,O
109,be,O
109,private,B-NETWORK
109,using,O
109,IPV6,B-PROTOCOL
109,protocol,I-PROTOCOL
109,Security,O
109,is,O
109,crucial,O
109,so,O
109,please,O
109,include,O
109,SecureGate,B-FIREWALL
109,firewall,O
109,and,O
109,add,O
109,SSH,B-SSH
109,Key-A1,I-SSH
109,Backup,O
109,should,O
109,be,O
109,scheduled,O
109,weekly,B-BACKUP
110,I'm,O
110,looking,O
110,to,O
110,set,O
110,up,O
110,a,O
110,server,O
110,named,O
110,Analytics01,B-SERVER
110,in,O
110,the,O
110,Hyperion,B-DATACENTER
110,data,I-DATACENTER
110,center,I-DATACENTER
110,The,O
110,server,O
110,should,O
110,have,O
110,a,O
110,Medium,B-PLAN
110,plan,I-PLAN
110,with,O
110,at,O
110,least,O
110,2,B-CPU
110,CPU,I-CPU
110,cores,I-CPU
110,and,O
110,8GB,B-RAM
110,of,I-RAM
110,RAM,I-RAM
110,For,O
110,storage,O
110,a,O
110,40GB,B-DISK
110,SSD,I-DISK
110,will,O
110,suffice,O
110,plus,O
110,an,O
110,extra,O
110,disk,O
110,Storage40,B-EXTRA_DISK
110,for,O
110,additional,O
110,space,O
110,The,O
110,preferred,O
110,operating,O
110,system,O
110,is,O
110,Windows,B-OS
110,10,I-OS
110,The,O
110,network,O
110,address,O
110,should,O
110,be,O
110,private,B-NETWORK
110,using,O
110,IPV4,B-PROTOCOL
110,protocol,I-PROTOCOL
110,Security,O
110,is,O
110,crucial,O
110,so,O
110,please,O
110,include,O
110,SecureGate10,B-FIREWALL
110,firewall,O
110,and,O
110,add,O
110,SSH,B-SSH
110,Key-D1,I-SSH
110,Backup,O
110,should,O
110,be,O
110,scheduled,O
110,daily,B-BACKUP
111,I'm,O
111,looking,O
111,to,O
111,set,O
111,up,O
111,a,O
111,server,O
111,named,O
111,ali10,B-SERVER
111,in,O
111,the,O
111,Atlas,B-DATACENTER
111,data,I-DATACENTER
111,center,I-DATACENTER
111,The,O
111,server,O
111,should,O
111,have,O
111,a,O
111,Large,B-PLAN
111,plan,I-PLAN
111,with,O
111,at,O
111,least,O
111,4,B-CPU
111,CPU,I-CPU
111,cores,I-CPU
111,and,O
111,16GB,B-RAM
111,of,I-RAM
111,RAM,I-RAM
111,For,O
111,storage,O
111,a,O
111,30GB,B-DISK
111,SSD,I-DISK
111,will,O
111,suffice,O
111,plus,O
111,an,O
111,extra,O
111,disk,O
111,StoragePlus40,B-EXTRA_DISK
111,for,O
111,additional,O
111,space,O
111,The,O
111,preferred,O
111,operating,O
111,system,O
111,is,O
111,Debian,B-OS
111,20.04,I-OS
111,The,O
111,network,O
111,address,O
111,should,O
111,be,O
111,private,B-NETWORK
111,using,O
111,IPV6,B-PROTOCOL
111,protocol,I-PROTOCOL
111,Security,O
111,is,O
111,crucial,O
111,so,O
111,please,O
111,include,O
111,SecureGate,B-FIREWALL
111,firewall,O
111,and,O
111,add,O
111,SSH,B-SSH
111,Key-A1564,I-SSH
111,Backup,O
111,should,O
111,be,O
111,scheduled,O
111,weekly,B-BACKUP
112,I'm,O
112,looking,O
112,to,O
112,set,O
112,up,O
112,a,O
112,server,O
112,named,O
112,ali10,B-SERVER
112,in,O
112,the,O
112,Atlas,B-DATACENTER
112,data,I-DATACENTER
112,center,I-DATACENTER
112,The,O
112,server,O
112,should,O
112,have,O
112,a,O
112,Large,B-PLAN
112,plan,I-PLAN
112,with,O
112,at,O
112,least,O
112,4,B-CPU
112,CPU,I-CPU
112,cores,I-CPU
112,and,O
112,16GB,B-RAM
112,of,I-RAM
112,RAM,I-RAM
112,For,O
112,storage,O
112,a,O
112,30GB,B-DISK
112,SSD,I-DISK
112,will,O
112,suffice,O
112,plus,O
112,an,O
112,extra,O
112,disk,O
112,StoragePlus40,B-EXTRA_DISK
112,for,O
112,additional,O
112,space,O
112,The,O
112,preferred,O
112,operating,O
112,system,O
112,is,O
112,Windows,B-OS
112,8,I-OS
112,The,O
112,network,O
112,address,O
112,should,O
112,be,O
112,private,B-NETWORK
112,using,O
112,IPV6,B-PROTOCOL
112,protocol,I-PROTOCOL
112,Security,O
112,is,O
112,crucial,O
112,so,O
112,please,O
112,include,O
112,SecureGate,B-FIREWALL
112,firewall,O
112,and,O
112,add,O
112,SSH,B-SSH
112,Key-A1564,I-SSH
112,Backup,O
112,should,O
112,be,O
112,scheduled,O
112,weekly,B-BACKUP
113,Deploy,O
113,a,O
113,cloud,O
113,VM,O
113,named,O
113,AnalyticsNode,B-SERVER
113,under,O
113,a,O
113,Medium,B-PLAN
113,plan,I-PLAN
113,in,O
113,the,O
113,Orion,B-DATACENTER
113,data,I-DATACENTER
113,center,I-DATACENTER
113,.,O
113,The,O
113,server,O
113,requires,O
113,a,O
113,primary,O
113,disk,O
113,of,O
113,50GB,B-DISK
113,and,O
113,an,O
113,extra,O
113,disk,O
113,AnalyticsExtra50,B-EXTRA_DISK
113,of,O
113,50,B-EXTRA_DISK_SIZE
113,gigabytes,I-EXTRA_DISK_SIZE
113,for,O
113,additional,O
113,storage,O
113,.,O
113,It,O
113,should,O
113,operate,O
113,on,O
113,Debian,B-OS
113,10,I-OS
113,with,O
113,a,O
113,private,B-NETWORK
113,IPV4,B-PROTOCOL
113,network,O
113,.,O
113,Include,O
113,SSH,B-SSH
113,Key-AnalyticsNode,I-SSH
113,for,O
113,secure,O
113,access,O
113,and,O
113,Firewall-AnalyticDefender,B-FIREWALL
113,.,O
113,Ensure,O
113,that,O
113,backups,O
113,are,O
113,scheduled,O
113,weekly,B-BACKUP
113,for,O
113,this,O
113,server,O
113,.,O
114,Set,O
114,up,O
114,a,O
114,VM,O
114,designated,O
114,DataCruncher,B-SERVER
114,with,O
114,a,O
114,Large,B-PLAN
114,plan,I-PLAN
114,in,O
114,the,O
114,Nova,B-DATACENTER
114,data,I-DATACENTER
114,center,I-DATACENTER
114,.,O
114,It,O
114,needs,O
114,a,O
114,primary,O
114,100GB,B-DISK
114,SSD,I-DISK
114,and,O
114,an,O
114,extra,O
114,disk,O
114,named,O
114,DataCruncherExtra100,B-EXTRA_DISK
114,with,O
114,a,O
114,capacity,O
114,of,O
114,100,B-EXTRA_DISK_SIZE
114,gigabytes,I-EXTRA_DISK_SIZE
114,.,O
114,The,O
114,VM,O
114,should,O
114,run,O
114,Windows,B-OS
114,Server,I-OS
114,2019,I-OS
114,accessible,O
114,via,O
114,a,O
114,public,B-NETWORK
114,IPV6,B-PROTOCOL
114,network,O
114,.,O
114,Implement,O
114,SSH,B-SSH
114,Key-DataCrunch,I-SSH
114,and,O
114,Firewall-DataSafe,B-FIREWALL
114,for,O
114,security,O
114,.,O
114,Opt,O
114,for,O
114,daily,B-BACKUP
114,backups,O
114,for,O
114,this,O
114,VM,O
114,.,O
115,Request,O
115,a,O
115,Small,B-PLAN
115,plan,I-PLAN
115,VM,O
115,titled,O
115,DevTestLab,B-SERVER
115,in,O
115,the,O
115,Apex,B-DATACENTER
115,data,I-DATACENTER
115,center,I-DATACENTER
115,.,O
115,This,O
115,server,O
115,should,O
115,include,O
115,a,O
115,primary,O
115,disk,O
115,of,O
115,40GB,B-DISK
115,and,O
115,an,O
115,additional,O
115,disk,O
115,DevTestExtra40,B-EXTRA_DISK
115,of,O
115,40,B-EXTRA_DISK_SIZE
115,gigabytes,I-EXTRA_DISK_SIZE
115,.,O
115,Install,O
115,Ubuntu,B-OS
115,20.04,I-OS
115,with,O
115,a,O
115,private,B-NETWORK
115,IPV6,B-PROTOCOL
115,network,O
115,for,O
115,secure,O
115,internet,O
115,access,O
115,.,O
115,Attach,O
115,SSH,B-SSH
115,Key-DevTestAccess,I-SSH
115,and,O
115,Firewall-TestLabSecure,B-FIREWALL
115,.,O
115,Arrange,O
115,for,O
115,monthly,B-BACKUP
115,backups,O
115,for,O
115,this,O
115,cloud,O
115,VM,O
115,.,O
116,Construct,O
116,a,O
116,VM,O
116,named,O
116,WebServerPro,B-SERVER
116,in,O
116,the,O
116,Stellar,B-DATACENTER
116,data,I-DATACENTER
116,center,I-DATACENTER
116,opting,O
116,for,O
116,a,O
116,Medium,B-PLAN
116,plan,I-PLAN
116,.,O
116,The,O
116,VM,O
116,should,O
116,be,O
116,equipped,O
116,with,O
116,a,O
116,primary,O
116,60GB,B-DISK
116,SSD,I-DISK
116,and,O
116,an,O
116,ExtraWeb60,B-EXTRA_DISK
116,disk,O
116,of,O
116,60,B-EXTRA_DISK_SIZE
116,gigabytes,I-EXTRA_DISK_SIZE
116,.,O
116,Operating,O
116,on,O
116,CentOS,B-OS
116,8,I-OS
116,it,O
116,should,O
116,have,O
116,a,O
116,public,B-NETWORK
116,IPV4,B-PROTOCOL
116,network,O
116,address,O
116,.,O
116,Secure,O
116,it,O
116,with,O
116,SSH,B-SSH
116,Key-WebServerKey,I-SSH
116,and,O
116,Firewall-WebProtect,B-FIREWALL
116,.,O
116,Weekly,B-BACKUP
116,backups,O
116,are,O
116,preferred,O
116,for,O
116,this,O
116,setup,O
116,.,O
117,Initiate,O
117,a,O
117,Large,B-PLAN
117,plan,I-PLAN
117,VM,O
117,setup,O
117,named,O
117,RenderProMax,B-SERVER
117,in,O
117,the,O
117,Cosmos,B-DATACENTER
117,data,I-DATACENTER
117,center,I-DATACENTER
117,.,O
117,It,O
117,requires,O
117,a,O
117,120GB,B-DISK
117,primary,O
117,disk,O
117,and,O
117,an,O
117,additional,O
117,RenderExtra120,B-EXTRA_DISK
117,disk,O
117,of,O
117,120,B-EXTRA_DISK_SIZE
117,gigabytes,I-EXTRA_DISK_SIZE
117,.,O
117,The,O
117,VM,O
117,should,O
117,run,O
117,on,O
117,Debian,B-OS
117,11,I-OS
117,with,O
117,a,O
117,private,B-NETWORK
117,IPV4,B-PROTOCOL
117,network,O
117,connection,O
117,.,O
117,Include,O
117,SSH,B-SSH
117,Key-RenderMaster,I-SSH
117,and,O
117,Firewall-RenderGuard,B-FIREWALL
117,for,O
117,robust,O
117,security,O
117,.,O
117,Daily,B-BACKUP
117,backups,O
117,should,O
117,be,O
117,scheduled,O
117,for,O
117,this,O
117,cloud,O
117,VM,O
117,.,O
118,Configure,O
118,a,O
118,Virtual,O
118,Machine,O
118,titled,O
118,DataSyncVM,B-SERVER
118,in,O
118,the,O
118,Zenith,B-DATACENTER
118,data,I-DATACENTER
118,center,I-DATACENTER
118,following,O
118,a,O
118,Medium,B-PLAN
118,plan,I-PLAN
118,.,O
118,The,O
118,machine,O
118,should,O
118,be,O
118,equipped,O
118,with,O
118,a,O
118,70GB,B-DISK
118,primary,O
118,disk,O
118,and,O
118,an,O
118,additional,O
118,SyncExtra70,B-EXTRA_DISK
118,disk,O
118,of,O
118,70,B-EXTRA_DISK_SIZE
118,gigabytes,I-EXTRA_DISK_SIZE
118,.,O
118,Running,O
118,on,O
118,Ubuntu,B-OS
118,18.04,I-OS
118,it,O
118,needs,O
118,a,O
118,public,B-NETWORK
118,IPV6,B-PROTOCOL
118,network,O
118,for,O
118,connectivity,O
118,.,O
118,Secure,O
118,access,O
118,with,O
118,SSH,B-SSH
118,Key-SyncAccess,I-SSH
118,and,O
118,Firewall-DataSyncProtect,B-FIREWALL
118,.,O
118,Set,O
118,the,O
118,backup,O
118,routine,O
118,to,O
118,be,O
118,monthly,B-BACKUP
118,for,O
118,this,O
118,cloud,O
118,VM,O
118,.,O
119,Install,O
119,a,O
119,Small,B-PLAN
119,plan,I-PLAN
119,VM,O
119,named,O
119,LogAnalyzer,B-SERVER
119,in,O
119,the,O
119,Pulsar,B-DATACENTER
119,data,I-DATACENTER
119,center,I-DATACENTER
119,.,O
119,The,O
119,server,O
119,should,O
119,have,O
119,a,O
119,35GB,B-DISK
119,primary,O
119,SSD,I-DISK
119,and,O
119,an,O
119,ExtraLog35,B-EXTRA_DISK
119,disk,O
119,of,O
119,35,B-EXTRA_DISK_SIZE
119,gigabytes,I-EXTRA_DISK_SIZE
119,for,O
119,additional,O
119,storage,O
119,.,O
119,The,O
119,operating,O
119,system,O
119,should,O
119,be,O
119,CentOS,B-OS
119,7,I-OS
119,with,O
119,a,O
119,private,B-NETWORK
119,IPV4,B-PROTOCOL
119,network,O
119,.,O
119,Include,O
119,SSH,B-SSH
119,Key-LogAccess,I-SSH
119,and,O
119,Firewall-LogSecure,B-FIREWALL
119,for,O
119,enhanced,O
119,security,O
119,.,O
119,Arrange,O
119,for,O
119,weekly,B-BACKUP
119,backups,O
119,for,O
119,this,O
119,VM,O
119,.,O
120,Create,O
120,a,O
120,cloud,O
120,VM,O
120,named,O
120,NetworkProbe,B-SERVER
120,under,O
120,a,O
120,Large,B-PLAN
120,plan,I-PLAN
120,in,O
120,the,O
120,Aurora,B-DATACENTER
120,data,I-DATACENTER
120,center,I-DATACENTER
120,.,O
120,It,O
120,should,O
120,have,O
120,a,O
120,primary,O
120,disk,O
120,of,O
120,150GB,B-DISK
120,and,O
120,an,O
120,extra,O
120,disk,O
120,ProbeExtra150,B-EXTRA_DISK
120,of,O
120,150,B-EXTRA_DISK_SIZE
120,gigabytes,I-EXTRA_DISK_SIZE
120,.,O
120,Operating,O
120,on,O
120,Windows,B-OS
120,Server,I-OS
120,2019,I-OS
120,ensure,O
120,it,O
120,has,O
120,a,O
120,public,B-NETWORK
120,IPV4,B-PROTOCOL
120,network,O
120,address,O
120,.,O
120,Add,O
120,SSH,B-SSH
120,Key-NetworkProbe,I-SSH
120,for,O
120,secure,O
120,access,O
120,and,O
120,Firewall-NetworkGuard,B-FIREWALL
120,.,O
120,Opt,O
120,for,O
120,daily,B-BACKUP
120,backups,O
120,for,O
120,this,O
120,VM,O
120,.,O
121,Initiate,O
121,a,O
121,VM,O
121,setup,O
121,named,O
121,CodeBuilder,B-SERVER
121,in,O
121,the,O
121,Comet,B-DATACENTER
121,data,I-DATACENTER
121,center,I-DATACENTER
121,opting,O
121,for,O
121,a,O
121,Medium,B-PLAN
121,plan,I-PLAN
121,.,O
121,This,O
121,server,O
121,should,O
121,come,O
121,with,O
121,a,O
121,primary,O
121,80GB,B-DISK
121,SSD,I-DISK
121,and,O
121,an,O
121,additional,O
121,BuilderExtra80,B-EXTRA_DISK
121,disk,O
121,of,O
121,80,B-EXTRA_DISK_SIZE
121,gigabytes,I-EXTRA_DISK_SIZE
121,.,O
121,Install,O
121,Debian,B-OS
121,10,I-OS
121,and,O
121,ensure,O
121,a,O
121,private,B-NETWORK
121,IPV6,B-PROTOCOL
121,network,O
121,connection,O
121,.,O
121,Secure,O
121,the,O
121,VM,O
121,with,O
121,SSH,B-SSH
121,Key-CodeAccess,I-SSH
121,and,O
121,Firewall-BuilderShield,B-FIREWALL
121,.,O
121,Monthly,B-BACKUP
121,backups,O
121,are,O
121,preferred,O
121,for,O
121,this,O
121,setup,O
121,.,O
122,Establish,O
122,a,O
122,Small,B-PLAN
122,plan,I-PLAN
122,VM,O
122,titled,O
122,AppDeployer,B-SERVER
122,in,O
122,the,O
122,Starlight,B-DATACENTER
122,data,I-DATACENTER
122,center,I-DATACENTER
122,.,O
122,The,O
122,VM,O
122,requires,O
122,a,O
122,45GB,B-DISK
122,primary,O
122,disk,O
122,and,O
122,an,O
122,ExtraApp45,B-EXTRA_DISK
122,disk,O
122,of,O
122,45,B-EXTRA_DISK_SIZE
122,gigabytes,I-EXTRA_DISK_SIZE
122,.,O
122,It,O
122,should,O
122,run,O
122,Ubuntu,B-OS
122,20.04,I-OS
122,and,O
122,have,O
122,a,O
122,public,B-NETWORK
122,IPV6,B-PROTOCOL
122,network,O
122,address,O
122,.,O
122,Implement,O
122,SSH,B-SSH
122,Key-AppDeploy,I-SSH
122,and,O
122,Firewall-AppSecure,B-FIREWALL
122,for,O
122,security,O
122,.,O
122,Weekly,B-BACKUP
122,backups,O
122,should,O
122,be,O
122,scheduled,O
122,for,O
122,this,O
122,cloud,O
122,VM,O
122,.,O